Site,Slot,Loop,Pattern Name,Linear ADDR,ROW,BANK,COL,EXP Value,RD Value,Re-read value1,Re-read value2,Re-read value3,XOR Val1
15,7,1,movinv8,0x4CDD2F6C,0x1BA5,7,0x1B0,20,A0,A0,A0,A0,80
15,7,1,movinv8,0x4CDD2F02,0x1BA5,7,0x8,20,A0,A0,A0,A0,80
15,7,1,btf,0x5FFFEF40,0x7FFD,7,0x100,F7F7080808080808,F7F7088808880888,F7F7088808880888,F7F7088808880888,F7F7088808880888,8000800080
15,7,1,btf,0x5FFFEF48,0x7FFD,7,0x120,F7F7080808080808,F7F7088808880888,F7F7088808880888,F7F7088808880888,F7F7088808880888,8000800080
15,7,1,btf,0x5FFFEF50,0x7FFD,7,0x140,F7F7080808080808,F7F7088808880888,F7F7088808880888,F7F7088808880888,F7F7088808880888,8000800080
15,7,1,btf,0x5FFFEF58,0x7FFD,7,0x160,F7F7080808080808,F7F7088808880888,F7F7088808880888,F7F7088808880888,F7F7088808880888,8000800080
15,7,1,btf,0x5FFFEF60,0x7FFD,7,0x180,F7F7080808080808,F7F7088808880888,F7F7088808880888,F7F7088808880888,F7F7088808880888,8000800080
15,7,1,btf,0x5FFFEF68,0x7FFD,7,0x1A0,F7F7080808080808,F7F7088808880888,F7F7088808880888,F7F7088808880888,F7F7088808880888,8000800080
15,7,1,btf,0x5FFFEF70,0x7FFD,7,0x1C0,F7F7080808080808,F7F7088808880888,F7F7088808880888,F7F7088808880888,F7F7088808880888,8000800080
15,7,1,btf,0x5FFFEF78,0x7FFD,7,0x1E0,F7F7080808080808,F7F7088808880888,F7F7088808880888,F7F7088808880888,F7F7088808880888,8000800080
15,7,1,btf,0x5FFFEF00,0x7FFD,7,0x0,F7F7080808080808,F7F7088808880888,F7F7088808880888,F7F7088808880888,F7F7088808880888,8000800080
15,7,1,btf,0x5FFFEF08,0x7FFD,7,0x20,F7F7080808080808,F7F7088808880888,F7F7088808880888,F7F7088808880888,F7F7088808880888,8000800080
15,7,1,btf,0x5FFFEF10,0x7FFD,7,0x40,F7F7080808080808,F7F7088808880888,F7F7088808880888,F7F7088808880888,F7F7088808880888,8000800080
15,7,1,btf,0x5FFFEF18,0x7FFD,7,0x60,F7F7080808080808,F7F7088808880888,F7F7088808880888,F7F7088808880888,F7F7088808880888,8000800080
15,7,1,btf,0x5FFFEF20,0x7FFD,7,0x80,F7F7080808080808,F7F7088808880888,F7F7088808880888,F7F7088808880888,F7F7088808880888,8000800080
15,7,1,btf,0x5FFFEF28,0x7FFD,7,0xA0,F7F7080808080808,F7F7088808880888,F7F7088808880888,F7F7088808880888,F7F7088808880888,8000800080
15,7,1,btf,0x5FFFEF30,0x7FFD,7,0xC0,F7F7080808080808,F7F7088808880888,F7F7088808880888,F7F7088808880888,F7F7088808880888,8000800080
15,7,1,btf,0x5FFFEF38,0x7FFD,7,0xE0,F7F7080808080808,F7F7088808880888,F7F7088808880888,F7F7088808880888,F7F7088808880888,8000800080
15,7,1,btf,0x40001100,0x2200,0,0x0,F7F7080808080808,F7F7088808880888,F7F7088808880888,F7F7088808880888,F7F7088808880888,8000800080
15,7,1,btf,0x40001108,0x2210,0,0x0,F7F7080808080808,F7F7088808880888,F7F7088808880888,F7F7088808880888,F7F7088808880888,8000800080
15,7,1,btf,0x40001110,0x2220,0,0x0,F7F7080808080808,F7F7088808880888,F7F7088808880888,F7F7088808880888,F7F7088808880888,8000800080
15,7,1,btf,0x40001118,0x2230,0,0x0,F7F7080808080808,F7F7088808880888,F7F7088808880888,F7F7088808880888,F7F7088808880888,8000800080
15,7,1,btf,0x40001120,0x2240,0,0x0,F7F7080808080808,F7F7088808880888,F7F7088808880888,F7F7088808880888,F7F7088808880888,8000800080
15,7,1,btf,0x40001128,0x2250,0,0x0,F7F7080808080808,F7F7088808880888,F7F7088808880888,F7F7088808880888,F7F7088808880888,8000800080
15,7,1,btf,0x40001130,0x2260,0,0x0,F7F7080808080808,F7F7088808880888,F7F7088808880888,F7F7088808880888,F7F7088808880888,8000800080
15,7,1,btf,0x40001138,0x2270,0,0x0,F7F7080808080808,F7F7088808880888,F7F7088808880888,F7F7088808880888,F7F7088808880888,8000800080
15,7,1,btf,0x40001140,0x2280,0,0x0,F7F7080808080808,F7F7088808880888,F7F7088808880888,F7F7088808880888,F7F7088808880888,8000800080
15,7,1,btf,0x40001148,0x2290,0,0x0,F7F7080808080808,F7F7088808880888,F7F7088808880888,F7F7088808880888,F7F7088808880888,8000800080
15,7,1,btf,0x40001150,0x22A0,0,0x0,F7F7080808080808,F7F7088808880888,F7F7088808880888,F7F7088808880888,F7F7088808880888,8000800080
15,7,1,btf,0x40001158,0x22B0,0,0x0,F7F7080808080808,F7F7088808880888,F7F7088808880888,F7F7088808880888,F7F7088808880888,8000800080
15,7,1,btf,0x40001160,0x22C0,0,0x0,F7F7080808080808,F7F7088808880888,F7F7088808880888,F7F7088808880888,F7F7088808880888,8000800080
15,7,1,btf,0x40001168,0x22D0,0,0x0,F7F7080808080808,F7F7088808880888,F7F7088808880888,F7F7088808880888,F7F7088808880888,8000800080
15,7,1,btf,0x40001170,0x22E0,0,0x0,F7F7080808080808,F7F7088808880888,F7F7088808880888,F7F7088808880888,F7F7088808880888,8000800080
15,7,1,btf,0x40001180,0x2300,0,0x0,F7F7080808080808,F7F7088808880888,F7F7088808880888,F7F7088808880888,F7F7088808880888,8000800080
15,7,1,btf,0x40001188,0x2310,0,0x0,F7F7080808080808,F7F7088808880888,F7F7088808880888,F7F7088808880888,F7F7088808880888,8000800080
15,7,1,btf,0x40001190,0x2320,0,0x0,F7F7080808080808,F7F7088808880888,F7F7088808880888,F7F7088808880888,F7F7088808880888,8000800080
15,7,1,btf,0x40001198,0x2330,0,0x0,F7F7080808080808,F7F7088808880888,F7F7088808880888,F7F7088808880888,F7F7088808880888,8000800080
15,7,1,btf,0x400011A0,0x2340,0,0x0,F7F7080808080808,F7F7088808880888,F7F7088808880888,F7F7088808880888,F7F7088808880888,8000800080
15,7,1,btf,0x400011A8,0x2350,0,0x0,F7F7080808080808,F7F7088808880888,F7F7088808880888,F7F7088808880888,F7F7088808880888,8000800080
15,7,1,btf,0x400011B0,0x2360,0,0x0,F7F7080808080808,F7F7088808880888,F7F7088808880888,F7F7088808880888,F7F7088808880888,8000800080
15,7,1,btf,0x400011B8,0x2370,0,0x0,F7F7080808080808,F7F7088808880888,F7F7088808880888,F7F7088808880888,F7F7088808880888,8000800080
15,7,1,btf,0x400011C0,0x2380,0,0x0,F7F7080808080808,F7F7088808880888,F7F7088808880888,F7F7088808880888,F7F7088808880888,8000800080
15,7,1,btf,0x400011C8,0x2390,0,0x0,F7F7080808080808,F7F7088808880888,F7F7088808880888,F7F7088808880888,F7F7088808880888,8000800080
15,7,1,btf,0x400011D0,0x23A0,0,0x0,F7F7080808080808,F7F7088808880888,F7F7088808880888,F7F7088808880888,F7F7088808880888,8000800080
15,7,1,btf,0x400011D8,0x23B0,0,0x0,F7F7080808080808,F7F7088808880888,F7F7088808880888,F7F7088808880888,F7F7088808880888,8000800080
15,7,1,btf,0x400011E0,0x23C0,0,0x0,F7F7080808080808,F7F7088808880888,F7F7088808880888,F7F7088808880888,F7F7088808880888,8000800080
15,7,1,btf,0x400011E8,0x23D0,0,0x0,F7F7080808080808,F7F7088808880888,F7F7088808880888,F7F7088808880888,F7F7088808880888,8000800080
15,7,1,btf,0x400011F0,0x23E0,0,0x0,F7F7080808080808,F7F7088808880888,F7F7088808880888,F7F7088808880888,F7F7088808880888,8000800080
15,7,1,btf,0x400011F8,0x23F0,0,0x0,F7F7080808080808,F7F7088808880888,F7F7088808880888,F7F7088808880888,F7F7088808880888,8000800080
15,7,1,btf,0x40001200,0x2400,0,0x0,F7F7080808080808,F7F7088808880888,F7F7088808880888,F7F7088808880888,F7F7088808880888,8000800080
15,7,1,btf,0x40001208,0x2410,0,0x0,F7F7080808080808,F7F7088808880888,F7F7088808880888,F7F7088808880888,F7F7088808880888,8000800080
15,7,1,isi,0x40000100,0x200,0,0x0,7F,FF,FF,FF,FF,80
15,7,1,isi,0x40000102,0x204,0,0x0,7F,FF,FF,FF,FF,80
15,7,1,isi,0x40000104,0x208,0,0x0,7F,FF,FF,FF,FF,80
15,7,1,isi,0x40000106,0x20C,0,0x0,7F,FF,FF,FF,FF,80
15,7,1,isi,0x40000108,0x210,0,0x0,7F,FF,FF,FF,FF,80
15,7,1,isi,0x4000010A,0x214,0,0x0,7F,FF,FF,FF,FF,80
15,7,1,isi,0x4000010C,0x218,0,0x0,7F,FF,FF,FF,FF,80
15,7,1,isi,0x4000010E,0x21C,0,0x0,7F,FF,FF,FF,FF,80
15,7,1,isi,0x40000110,0x220,0,0x0,7F,FF,FF,FF,FF,80
15,7,1,isi,0x40000112,0x224,0,0x0,7F,FF,FF,FF,FF,80
15,7,1,isi,0x40000114,0x228,0,0x0,7F,FF,FF,FF,FF,80
15,7,1,isi,0x40000116,0x22C,0,0x0,7F,FF,FF,FF,FF,80
15,7,1,isi,0x40000118,0x230,0,0x0,7F,FF,FF,FF,FF,80
15,7,1,isi,0x4000011A,0x234,0,0x0,7F,FF,FF,FF,FF,80
15,7,1,isi,0x4000011C,0x238,0,0x0,7F,FF,FF,FF,FF,80
15,7,1,isi,0x4000011E,0x23C,0,0x0,7F,FF,FF,FF,FF,80
15,7,1,isi,0x40000120,0x240,0,0x0,7F,FF,FF,FF,FF,80
15,7,1,isi,0x40000122,0x244,0,0x0,7F,FF,FF,FF,FF,80
15,7,1,isi,0x40000124,0x248,0,0x0,7F,FF,FF,FF,FF,80
15,7,1,isi,0x40000126,0x24C,0,0x0,7F,FF,FF,FF,FF,80
15,7,1,isi,0x40000128,0x250,0,0x0,7F,FF,FF,FF,FF,80
15,7,1,isi,0x4000012A,0x254,0,0x0,7F,FF,FF,FF,FF,80
15,7,1,isi,0x4000012C,0x258,0,0x0,7F,FF,FF,FF,FF,80
15,7,1,isi,0x4000012E,0x25C,0,0x0,7F,FF,FF,FF,FF,80
15,7,1,isi,0x40000130,0x260,0,0x0,7F,FF,FF,FF,FF,80
15,7,1,isi,0x40000132,0x264,0,0x0,7F,FF,FF,FF,FF,80
15,7,1,isi,0x40000134,0x268,0,0x0,7F,FF,FF,FF,FF,80
15,7,1,isi,0x40000136,0x26C,0,0x0,7F,FF,FF,FF,FF,80
15,7,1,isi,0x40000138,0x270,0,0x0,7F,FF,FF,FF,FF,80
15,7,1,isi,0x4000013A,0x274,0,0x0,7F,FF,FF,FF,FF,80
15,7,1,isi,0x4000013C,0x278,0,0x0,7F,FF,FF,FF,FF,80
15,7,1,isi,0x4000013E,0x27C,0,0x0,7F,FF,FF,FF,FF,80
15,7,1,isi,0x40000140,0x280,0,0x0,7F,FF,FF,FF,FF,80
15,7,1,isi,0x40000142,0x284,0,0x0,7F,FF,FF,FF,FF,80
15,7,1,isi,0x40000144,0x288,0,0x0,7F,FF,FF,FF,FF,80
15,7,1,isi,0x40000146,0x28C,0,0x0,7F,FF,FF,FF,FF,80
15,7,1,isi,0x40000148,0x290,0,0x0,7F,FF,FF,FF,FF,80
15,7,1,isi,0x4000014C,0x298,0,0x0,7F,FF,FF,FF,FF,80
15,7,1,isi,0x4000014E,0x29C,0,0x0,7F,FF,FF,FF,FF,80
15,7,1,isi,0x40000150,0x2A0,0,0x0,7F,FF,FF,FF,FF,80
15,7,1,isi,0x40000152,0x2A4,0,0x0,7F,FF,FF,FF,FF,80
15,7,1,isi,0x40000154,0x2A8,0,0x0,7F,FF,FF,FF,FF,80
15,7,1,isi,0x40000156,0x2AC,0,0x0,7F,FF,FF,FF,FF,80
15,7,1,isi,0x40000158,0x2B0,0,0x0,7F,FF,FF,FF,FF,80
15,7,1,isi,0x4000015A,0x2B4,0,0x0,7F,FF,FF,FF,FF,80
15,7,1,isi,0x4000015C,0x2B8,0,0x0,7F,FF,FF,FF,FF,80
15,7,1,isi,0x4000015E,0x2BC,0,0x0,7F,FF,FF,FF,FF,80
15,7,1,isi,0x40000160,0x2C0,0,0x0,7F,FF,FF,FF,FF,80
15,7,1,isi,0x40000162,0x2C4,0,0x0,7F,FF,FF,FF,FF,80
15,7,1,linear,0x40002F00,0x5E00,0,0x0,0,80008000800080,80008000800080,80008000800080,80008000800080,80008000800080
15,7,1,linear,0x40002F10,0x5E20,0,0x0,0,80008000800080,80008000800080,80008000800080,80008000800080,80008000800080
15,7,1,linear,0x40002F20,0x5E40,0,0x0,0,80008000800080,80008000800080,80008000800080,80008000800080,80008000800080
15,7,1,linear,0x40002F30,0x5E60,0,0x0,0,80008000800080,80008000800080,80008000800080,80008000800080,80008000800080
15,7,1,linear,0x40002F40,0x5E80,0,0x0,0,80008000800080,80008000800080,80008000800080,80008000800080,80008000800080
15,7,1,linear,0x40002F50,0x5EA0,0,0x0,0,80008000800080,80008000800080,80008000800080,80008000800080,80008000800080
15,7,1,linear,0x40002F60,0x5EC0,0,0x0,0,80008000800080,80008000800080,80008000800080,80008000800080,80008000800080
15,7,1,linear,0x40002F70,0x5EE0,0,0x0,0,80008000800080,80008000800080,80008000800080,80008000800080,80008000800080
15,7,1,linear,0x40002F80,0x5F00,0,0x0,0,80008000800080,80008000800080,80008000800080,80008000800080,80008000800080
15,7,1,linear,0x40002F90,0x5F20,0,0x0,0,80008000800080,80008000800080,80008000800080,80008000800080,80008000800080
15,7,1,linear,0x40002FA0,0x5F40,0,0x0,0,80008000800080,80008000800080,80008000800080,80008000800080,80008000800080
15,7,1,linear,0x40002FB0,0x5F60,0,0x0,0,80008000800080,80008000800080,80008000800080,80008000800080,80008000800080
15,7,1,linear,0x40002FC0,0x5F80,0,0x0,0,80008000800080,80008000800080,80008000800080,80008000800080,80008000800080
15,7,1,linear,0x40002FD0,0x5FA0,0,0x0,0,80008000800080,80008000800080,80008000800080,80008000800080,80008000800080
15,7,1,linear,0x40002FE0,0x5FC0,0,0x0,0,80008000800080,80008000800080,80008000800080,80008000800080,80008000800080
15,7,1,linear,0x40002FF0,0x5FE0,0,0x0,0,80008000800080,80008000800080,80008000800080,80008000800080,80008000800080
15,7,1,linear,0x40003100,0x6200,0,0x0,0,80008000800080,80008000800080,80008000800080,80008000800080,80008000800080
15,7,1,linear,0x40003110,0x6220,0,0x0,0,80008000800080,80008000800080,80008000800080,80008000800080,80008000800080
15,7,1,linear,0x40003120,0x6240,0,0x0,0,80008000800080,80008000800080,80008000800080,80008000800080,80008000800080
15,7,1,linear,0x40003130,0x6260,0,0x0,0,80008000800080,80008000800080,80008000800080,80008000800080,80008000800080
15,7,1,linear,0x40003140,0x6280,0,0x0,0,80008000800080,80008000800080,80008000800080,80008000800080,80008000800080
15,7,1,linear,0x40003150,0x62A0,0,0x0,0,80008000800080,80008000800080,80008000800080,80008000800080,80008000800080
15,7,1,linear,0x40003160,0x62C0,0,0x0,0,80008000800080,80008000800080,80008000800080,80008000800080,80008000800080
15,7,1,linear,0x40003170,0x62E0,0,0x0,0,80008000800080,80008000800080,80008000800080,80008000800080,80008000800080
15,7,1,linear,0x40003180,0x6300,0,0x0,0,80008000800080,80008000800080,80008000800080,80008000800080,80008000800080
15,7,1,linear,0x40003190,0x6320,0,0x0,0,80008000800080,80008000800080,80008000800080,80008000800080,80008000800080
15,7,1,linear,0x400031A0,0x6340,0,0x0,0,80008000800080,80008000800080,80008000800080,80008000800080,80008000800080
15,7,1,linear,0x400031B0,0x6360,0,0x0,0,80008000800080,80008000800080,80008000800080,80008000800080,80008000800080
15,7,1,linear,0x400031C0,0x6380,0,0x0,0,80008000800080,80008000800080,80008000800080,80008000800080,80008000800080
15,7,1,linear,0x400031D0,0x63A0,0,0x0,0,80008000800080,80008000800080,80008000800080,80008000800080,80008000800080
15,7,1,linear,0x400031E0,0x63C0,0,0x0,0,80008000800080,80008000800080,80008000800080,80008000800080,80008000800080
15,7,1,linear,0x400031F0,0x63E0,0,0x0,0,80008000800080,80008000800080,80008000800080,80008000800080,80008000800080
15,7,1,linear,0x40003200,0x6400,0,0x0,0,80008000800080,80008000800080,80008000800080,80008000800080,80008000800080
15,7,1,linear,0x40003210,0x6420,0,0x0,0,80008000800080,80008000800080,80008000800080,80008000800080,80008000800080
15,7,1,linear,0x40003220,0x6440,0,0x0,0,80008000800080,80008000800080,80008000800080,80008000800080,80008000800080
15,7,1,linear,0x40003230,0x6460,0,0x0,0,80008000800080,80008000800080,80008000800080,80008000800080,80008000800080
15,7,1,linear,0x40003240,0x6480,0,0x0,0,80008000800080,80008000800080,80008000800080,80008000800080,80008000800080
15,7,1,linear,0x40003250,0x64A0,0,0x0,0,80008000800080,80008000800080,80008000800080,80008000800080,80008000800080
15,7,1,linear,0x40003260,0x64C0,0,0x0,0,80008000800080,80008000800080,80008000800080,80008000800080,80008000800080
15,7,1,linear,0x40003270,0x64E0,0,0x0,0,80008000800080,80008000800080,80008000800080,80008000800080,80008000800080
15,7,1,linear,0x40003280,0x6500,0,0x0,0,80008000800080,80008000800080,80008000800080,80008000800080,80008000800080
15,7,1,linear,0x40003290,0x6520,0,0x0,0,80008000800080,80008000800080,80008000800080,80008000800080,80008000800080
15,7,1,linear,0x400032A0,0x6540,0,0x0,0,80008000800080,80008000800080,80008000800080,80008000800080,80008000800080
15,7,1,linear,0x400032B0,0x6560,0,0x0,0,80008000800080,80008000800080,80008000800080,80008000800080,80008000800080
15,7,1,linear,0x400032C0,0x6580,0,0x0,0,80008000800080,80008000800080,80008000800080,80008000800080,80008000800080
15,7,1,linear,0x400032D0,0x65A0,0,0x0,0,80008000800080,80008000800080,80008000800080,80008000800080,80008000800080
15,7,1,linear,0x400032E0,0x65C0,0,0x0,0,80008000800080,80008000800080,80008000800080,80008000800080,80008000800080
15,7,1,linear,0x400032F0,0x65E0,0,0x0,0,80008000800080,80008000800080,80008000800080,80008000800080,80008000800080
15,7,1,linear,0x40003500,0x6A00,0,0x0,0,80008000800080,80008000800080,80008000800080,80008000800080,80008000800080
15,7,1,linear,0x40003510,0x6A20,0,0x0,0,80008000800080,80008000800080,80008000800080,80008000800080,80008000800080
15,7,1,victim,0x40000100,0x200,0,0x0,1FFFFFFFE,800081FFFFFFFE,800081FFFFFFFE,800081FFFFFFFE,800081FFFFFFFE,80008000000000
15,7,1,victim,0x40000108,0x210,0,0x0,1FFFFFFFE,800081FFFFFFFE,800081FFFFFFFE,800081FFFFFFFE,800081FFFFFFFE,80008000000000
15,7,1,victim,0x40000180,0x300,0,0x0,1FFFFFFFE,800081FFFFFFFE,800081FFFFFFFE,800081FFFFFFFE,800081FFFFFFFE,80008000000000
15,7,1,victim,0x40000188,0x310,0,0x0,1FFFFFFFE,800081FFFFFFFE,800081FFFFFFFE,800081FFFFFFFE,800081FFFFFFFE,80008000000000
15,7,1,victim,0x40000200,0x400,0,0x0,1FFFFFFFE,800081FFFFFFFE,800081FFFFFFFE,800081FFFFFFFE,800081FFFFFFFE,80008000000000
15,7,1,victim,0x40000208,0x410,0,0x0,1FFFFFFFE,800081FFFFFFFE,800081FFFFFFFE,800081FFFFFFFE,800081FFFFFFFE,80008000000000
15,7,1,victim,0x40000280,0x500,0,0x0,1FFFFFFFE,800081FFFFFFFE,800081FFFFFFFE,800081FFFFFFFE,800081FFFFFFFE,80008000000000
15,7,1,victim,0x40000288,0x510,0,0x0,1FFFFFFFE,800081FFFFFFFE,800081FFFFFFFE,800081FFFFFFFE,800081FFFFFFFE,80008000000000
15,7,1,victim,0x40000500,0xA00,0,0x0,1FFFFFFFE,800081FFFFFFFE,800081FFFFFFFE,800081FFFFFFFE,800081FFFFFFFE,80008000000000
15,7,1,victim,0x40000508,0xA10,0,0x0,1FFFFFFFE,800081FFFFFFFE,800081FFFFFFFE,800081FFFFFFFE,800081FFFFFFFE,80008000000000
15,7,1,victim,0x40000580,0xB00,0,0x0,1FFFFFFFE,800081FFFFFFFE,800081FFFFFFFE,800081FFFFFFFE,800081FFFFFFFE,80008000000000
15,7,1,victim,0x40000588,0xB10,0,0x0,1FFFFFFFE,800081FFFFFFFE,800081FFFFFFFE,800081FFFFFFFE,800081FFFFFFFE,80008000000000
15,7,1,victim,0x40000600,0xC00,0,0x0,1FFFFFFFE,800081FFFFFFFE,800081FFFFFFFE,800081FFFFFFFE,800081FFFFFFFE,80008000000000
15,7,1,victim,0x40000608,0xC10,0,0x0,1FFFFFFFE,800081FFFFFFFE,800081FFFFFFFE,800081FFFFFFFE,800081FFFFFFFE,80008000000000
15,7,1,victim,0x40000680,0xD00,0,0x0,1FFFFFFFE,800081FFFFFFFE,800081FFFFFFFE,800081FFFFFFFE,800081FFFFFFFE,80008000000000
15,7,1,victim,0x40000688,0xD10,0,0x0,1FFFFFFFE,800081FFFFFFFE,800081FFFFFFFE,800081FFFFFFFE,800081FFFFFFFE,80008000000000
15,7,1,victim,0x40000800,0x1000,0,0x0,1FFFFFFFE,800081FFFFFFFE,800081FFFFFFFE,800081FFFFFFFE,800081FFFFFFFE,80008000000000
15,7,1,victim,0x40000808,0x1010,0,0x0,1FFFFFFFE,800081FFFFFFFE,800081FFFFFFFE,800081FFFFFFFE,800081FFFFFFFE,80008000000000
15,7,1,victim,0x40000880,0x1100,0,0x0,1FFFFFFFE,800081FFFFFFFE,800081FFFFFFFE,800081FFFFFFFE,800081FFFFFFFE,80008000000000
15,7,1,victim,0x40000888,0x1110,0,0x0,1FFFFFFFE,800081FFFFFFFE,800081FFFFFFFE,800081FFFFFFFE,800081FFFFFFFE,80008000000000
15,7,1,victim,0x40000B00,0x1600,0,0x0,1FFFFFFFE,800081FFFFFFFE,800081FFFFFFFE,800081FFFFFFFE,800081FFFFFFFE,80008000000000
15,7,1,victim,0x40000B80,0x1700,0,0x0,1FFFFFFFE,800081FFFFFFFE,800081FFFFFFFE,800081FFFFFFFE,800081FFFFFFFE,80008000000000
15,7,1,victim,0x40000B88,0x1710,0,0x0,1FFFFFFFE,800081FFFFFFFE,800081FFFFFFFE,800081FFFFFFFE,800081FFFFFFFE,80008000000000
15,7,1,victim,0x40000C00,0x1800,0,0x0,1FFFFFFFE,800081FFFFFFFE,800081FFFFFFFE,800081FFFFFFFE,800081FFFFFFFE,80008000000000
15,7,1,victim,0x40000C08,0x1810,0,0x0,1FFFFFFFE,800081FFFFFFFE,800081FFFFFFFE,800081FFFFFFFE,800081FFFFFFFE,80008000000000
15,7,1,victim,0x40000C80,0x1900,0,0x0,1FFFFFFFE,800081FFFFFFFE,800081FFFFFFFE,800081FFFFFFFE,800081FFFFFFFE,80008000000000
15,7,1,victim,0x40000C88,0x1910,0,0x0,1FFFFFFFE,800081FFFFFFFE,800081FFFFFFFE,800081FFFFFFFE,800081FFFFFFFE,80008000000000
15,7,1,victim,0x40000F00,0x1E00,0,0x0,1FFFFFFFE,800081FFFFFFFE,800081FFFFFFFE,800081FFFFFFFE,800081FFFFFFFE,80008000000000
15,7,1,victim,0x40000F08,0x1E10,0,0x0,1FFFFFFFE,800081FFFFFFFE,800081FFFFFFFE,800081FFFFFFFE,800081FFFFFFFE,80008000000000
15,7,1,victim,0x40000F80,0x1F00,0,0x0,1FFFFFFFE,800081FFFFFFFE,800081FFFFFFFE,800081FFFFFFFE,800081FFFFFFFE,80008000000000
15,7,1,victim,0x40000F88,0x1F10,0,0x0,1FFFFFFFE,800081FFFFFFFE,800081FFFFFFFE,800081FFFFFFFE,800081FFFFFFFE,80008000000000
15,7,1,victim,0x40001100,0x2200,0,0x0,1FFFFFFFE,800081FFFFFFFE,800081FFFFFFFE,800081FFFFFFFE,800081FFFFFFFE,80008000000000
15,7,1,victim,0x40001108,0x2210,0,0x0,1FFFFFFFE,800081FFFFFFFE,800081FFFFFFFE,800081FFFFFFFE,800081FFFFFFFE,80008000000000
15,7,1,victim,0x40001180,0x2300,0,0x0,1FFFFFFFE,800081FFFFFFFE,800081FFFFFFFE,800081FFFFFFFE,800081FFFFFFFE,80008000000000
15,7,1,victim,0x40001188,0x2310,0,0x0,1FFFFFFFE,800081FFFFFFFE,800081FFFFFFFE,800081FFFFFFFE,800081FFFFFFFE,80008000000000
15,7,1,victim,0x40001200,0x2400,0,0x0,1FFFFFFFE,800081FFFFFFFE,800081FFFFFFFE,800081FFFFFFFE,800081FFFFFFFE,80008000000000
15,7,1,victim,0x40001208,0x2410,0,0x0,1FFFFFFFE,800081FFFFFFFE,800081FFFFFFFE,800081FFFFFFFE,800081FFFFFFFE,80008000000000
15,7,1,victim,0x40001280,0x2500,0,0x0,1FFFFFFFE,800081FFFFFFFE,800081FFFFFFFE,800081FFFFFFFE,800081FFFFFFFE,80008000000000
15,7,1,victim,0x40001288,0x2510,0,0x0,1FFFFFFFE,800081FFFFFFFE,800081FFFFFFFE,800081FFFFFFFE,800081FFFFFFFE,80008000000000
15,7,1,victim,0x40001500,0x2A00,0,0x0,1FFFFFFFE,800081FFFFFFFE,800081FFFFFFFE,800081FFFFFFFE,800081FFFFFFFE,80008000000000
15,7,1,victim,0x40001508,0x2A10,0,0x0,1FFFFFFFE,800081FFFFFFFE,800081FFFFFFFE,800081FFFFFFFE,800081FFFFFFFE,80008000000000
15,7,1,victim,0x40001580,0x2B00,0,0x0,1FFFFFFFE,800081FFFFFFFE,800081FFFFFFFE,800081FFFFFFFE,800081FFFFFFFE,80008000000000
15,7,1,victim,0x40001588,0x2B10,0,0x0,1FFFFFFFE,800081FFFFFFFE,800081FFFFFFFE,800081FFFFFFFE,800081FFFFFFFE,80008000000000
15,7,1,victim,0x40001600,0x2C00,0,0x0,1FFFFFFFE,800081FFFFFFFE,800081FFFFFFFE,800081FFFFFFFE,800081FFFFFFFE,80008000000000
15,7,1,victim,0x40001608,0x2C10,0,0x0,1FFFFFFFE,800081FFFFFFFE,800081FFFFFFFE,800081FFFFFFFE,800081FFFFFFFE,80008000000000
15,7,1,victim,0x40001680,0x2D00,0,0x0,1FFFFFFFE,800081FFFFFFFE,800081FFFFFFFE,800081FFFFFFFE,800081FFFFFFFE,80008000000000
15,7,1,victim,0x40001688,0x2D10,0,0x0,1FFFFFFFE,800081FFFFFFFE,800081FFFFFFFE,800081FFFFFFFE,800081FFFFFFFE,80008000000000
15,7,1,victim,0x40001800,0x3000,0,0x0,1FFFFFFFE,800081FFFFFFFE,800081FFFFFFFE,800081FFFFFFFE,800081FFFFFFFE,80008000000000
15,7,1,victim,0x40001808,0x3010,0,0x0,1FFFFFFFE,800081FFFFFFFE,800081FFFFFFFE,800081FFFFFFFE,800081FFFFFFFE,80008000000000
15,7,1,randomblk,0x40000100,0x200,0,0x0,42021,800080008420A1,800080008420A1,800080008420A1,800080008420A1,80008000800080
15,7,1,randomblk,0x40000108,0x210,0,0x0,1004080601,80009004880681,80009004880681,80009004880681,80009004880681,80008000800080
15,7,1,randomblk,0x40000110,0x220,0,0x0,421290949428C5,C21290949428C5,C21290949428C5,C21290949428C5,C21290949428C5,80000000000000
15,7,1,randomblk,0x40000118,0x230,0,0x0,140048203D8063,9400C820BD80E3,9400C820BD80E3,9400C820BD80E3,9400C820BD80E3,80008000800080
15,7,1,randomblk,0x40000120,0x240,0,0x0,83B5CC6350D3271B,83B5CCE350D3279B,83B5CCE350D3279B,83B5CCE350D3279B,83B5CCE350D3279B,8000000080
15,7,1,randomblk,0x40000128,0x250,0,0x0,7D0ED7D906977D63,7D8ED7D906977DE3,7D8ED7D906977DE3,7D8ED7D906977DE3,7D8ED7D906977DE3,80000000000080
15,7,1,randomblk,0x40000130,0x260,0,0x0,59413AD34563D63E,59C13AD345E3D6BE,59C13AD345E3D6BE,59C13AD345E3D6BE,59C13AD345E3D6BE,80000000800080
15,7,1,randomblk,0x40000138,0x270,0,0x0,BD76C32045EAB46C,BDF6C3A045EAB4EC,BDF6C3A045EAB4EC,BDF6C3A045EAB4EC,BDF6C3A045EAB4EC,80008000000080
15,7,1,randomblk,0x40000140,0x280,0,0x0,C74DDB9AA39E063F,C7CDDB9AA39E06BF,C7CDDB9AA39E06BF,C7CDDB9AA39E06BF,C7CDDB9AA39E06BF,80000000000080
15,7,1,randomblk,0x40000148,0x290,0,0x0,FBE88F32B107A5F3,FBE88FB2B187A5F3,FBE88FB2B187A5F3,FBE88FB2B187A5F3,FBE88FB2B187A5F3,8000800000
15,7,1,randomblk,0x40000150,0x2A0,0,0x0,ABDB2EB00F2C02CF,ABDB2EB00FAC02CF,ABDB2EB00FAC02CF,ABDB2EB00FAC02CF,ABDB2EB00FAC02CF,800000
15,7,1,randomblk,0x40000158,0x2B0,0,0x0,FA44230033B8BD5,FA442B003BB8BD5,FA442B003BB8BD5,FA442B003BB8BD5,FA442B003BB8BD5,8000800000
15,7,1,randomblk,0x40000160,0x2C0,0,0x0,7BA2356C3E38CC55,7BA235EC3EB8CCD5,7BA235EC3EB8CCD5,7BA235EC3EB8CCD5,7BA235EC3EB8CCD5,8000800080
15,7,1,randomblk,0x40000168,0x2D0,0,0x0,9CFA29B322180E0C,9CFA29B322980E8C,9CFA29B322980E8C,9CFA29B322980E8C,9CFA29B322980E8C,800080
15,7,1,randomblk,0x40000170,0x2E0,0,0x0,E04803D6A11263E0,E0C803D6A19263E0,E0C803D6A19263E0,E0C803D6A19263E0,E0C803D6A19263E0,80000000800000
15,7,1,randomblk,0x40000178,0x2F0,0,0x0,E6665A5D5416BFB7,E6E65ADD5496BFB7,E6E65ADD5496BFB7,E6E65ADD5496BFB7,E6E65ADD5496BFB7,80008000800000
15,7,1,randomblk,0x40000180,0x300,0,0x0,42021,800080008420A1,800080008420A1,800080008420A1,800080008420A1,80008000800080
15,7,1,randomblk,0x40000188,0x310,0,0x0,1004080601,80009004880681,80009004880681,80009004880681,80009004880681,80008000800080
15,7,1,randomblk,0x40000190,0x320,0,0x0,421290949428C5,C21290949428C5,C21290949428C5,C21290949428C5,C21290949428C5,80000000000000
15,7,1,randomblk,0x40000198,0x330,0,0x0,140048203D8063,9400C820BD80E3,9400C820BD80E3,9400C820BD80E3,9400C820BD80E3,80008000800080
15,7,1,randomblk,0x400001A0,0x340,0,0x0,83B5CC6350D3271B,83B5CCE350D3279B,83B5CCE350D3279B,83B5CCE350D3279B,83B5CCE350D3279B,8000000080
15,7,1,randomblk,0x400001A8,0x350,0,0x0,7D0ED7D906977D63,7D8ED7D906977DE3,7D8ED7D906977DE3,7D8ED7D906977DE3,7D8ED7D906977DE3,80000000000080
15,7,1,randomblk,0x400001B0,0x360,0,0x0,59413AD34563D63E,59C13AD345E3D6BE,59C13AD345E3D6BE,59C13AD345E3D6BE,59C13AD345E3D6BE,80000000800080
15,7,1,randomblk,0x400001B8,0x370,0,0x0,BD76C32045EAB46C,BDF6C3A045EAB4EC,BDF6C3A045EAB4EC,BDF6C3A045EAB4EC,BDF6C3A045EAB4EC,80008000000080
15,7,1,randomblk,0x400001C0,0x380,0,0x0,C74DDB9AA39E063F,C7CDDB9AA39E06BF,C7CDDB9AA39E06BF,C7CDDB9AA39E06BF,C7CDDB9AA39E06BF,80000000000080
15,7,1,randomblk,0x400001C8,0x390,0,0x0,FBE88F32B107A5F3,FBE88FB2B187A5F3,FBE88FB2B187A5F3,FBE88FB2B187A5F3,FBE88FB2B187A5F3,8000800000
15,7,1,randomblk,0x400001D0,0x3A0,0,0x0,ABDB2EB00F2C02CF,ABDB2EB00FAC02CF,ABDB2EB00FAC02CF,ABDB2EB00FAC02CF,ABDB2EB00FAC02CF,800000
15,7,1,randomblk,0x400001D8,0x3B0,0,0x0,FA44230033B8BD5,FA442B003BB8BD5,FA442B003BB8BD5,FA442B003BB8BD5,FA442B003BB8BD5,8000800000
15,7,1,randomblk,0x400001E0,0x3C0,0,0x0,7BA2356C3E38CC55,7BA235EC3EB8CCD5,7BA235EC3EB8CCD5,7BA235EC3EB8CCD5,7BA235EC3EB8CCD5,8000800080
15,7,1,randomblk,0x400001E8,0x3D0,0,0x0,9CFA29B322180E0C,9CFA29B322980E8C,9CFA29B322980E8C,9CFA29B322980E8C,9CFA29B322980E8C,800080
15,7,1,randomblk,0x400001F0,0x3E0,0,0x0,E04803D6A11263E0,E0C803D6A19263E0,E0C803D6A19263E0,E0C803D6A19263E0,E0C803D6A19263E0,80000000800000
15,7,1,randomblk,0x400001F8,0x3F0,0,0x0,E6665A5D5416BFB7,E6E65ADD5496BFB7,E6E65ADD5496BFB7,E6E65ADD5496BFB7,E6E65ADD5496BFB7,80008000800000
15,7,1,randomblk,0x40000200,0x400,0,0x0,42021,800080008420A1,800080008420A1,800080008420A1,800080008420A1,80008000800080
15,7,1,randomblk,0x40000208,0x410,0,0x0,1004080601,80009004880681,80009004880681,80009004880681,80009004880681,80008000800080
15,7,1,randomblk,0x40000210,0x420,0,0x0,421290949428C5,C21290949428C5,C21290949428C5,C21290949428C5,C21290949428C5,80000000000000
15,7,1,randomblk,0x40000218,0x430,0,0x0,140048203D8063,9400C820BD80E3,9400C820BD80E3,9400C820BD80E3,9400C820BD80E3,80008000800080
15,7,1,randomblk,0x40000220,0x440,0,0x0,83B5CC6350D3271B,83B5CCE350D3279B,83B5CCE350D3279B,83B5CCE350D3279B,83B5CCE350D3279B,8000000080
15,7,1,randomblk,0x40000228,0x450,0,0x0,7D0ED7D906977D63,7D8ED7D906977DE3,7D8ED7D906977DE3,7D8ED7D906977DE3,7D8ED7D906977DE3,80000000000080
15,7,1,randomblk,0x40000230,0x460,0,0x0,59413AD34563D63E,59C13AD345E3D6BE,59C13AD345E3D6BE,59C13AD345E3D6BE,59C13AD345E3D6BE,80000000800080
15,7,1,randomblk,0x40000238,0x470,0,0x0,BD76C32045EAB46C,BDF6C3A045EAB4EC,BDF6C3A045EAB4EC,BDF6C3A045EAB4EC,BDF6C3A045EAB4EC,80008000000080
15,7,1,randomblk,0x40000240,0x480,0,0x0,C74DDB9AA39E063F,C7CDDB9AA39E06BF,C7CDDB9AA39E06BF,C7CDDB9AA39E06BF,C7CDDB9AA39E06BF,80000000000080
15,7,1,randomblk,0x40000248,0x490,0,0x0,FBE88F32B107A5F3,FBE88FB2B187A5F3,FBE88FB2B187A5F3,FBE88FB2B187A5F3,FBE88FB2B187A5F3,8000800000
15,7,1,randomblk,0x40000250,0x4A0,0,0x0,ABDB2EB00F2C02CF,ABDB2EB00FAC02CF,ABDB2EB00FAC02CF,ABDB2EB00FAC02CF,ABDB2EB00FAC02CF,800000
15,7,1,randomblk,0x40000258,0x4B0,0,0x0,FA44230033B8BD5,FA442B003BB8BD5,FA442B003BB8BD5,FA442B003BB8BD5,FA442B003BB8BD5,8000800000
15,7,1,randomblk,0x40000260,0x4C0,0,0x0,7BA2356C3E38CC55,7BA235EC3EB8CCD5,7BA235EC3EB8CCD5,7BA235EC3EB8CCD5,7BA235EC3EB8CCD5,8000800080
15,7,1,randomblk,0x40000268,0x4D0,0,0x0,9CFA29B322180E0C,9CFA29B322980E8C,9CFA29B322980E8C,9CFA29B322980E8C,9CFA29B322980E8C,800080
15,7,1,randomblk,0x40000270,0x4E0,0,0x0,E04803D6A11263E0,E0C803D6A19263E0,E0C803D6A19263E0,E0C803D6A19263E0,E0C803D6A19263E0,80000000800000
15,7,1,randomblk,0x40000278,0x4F0,0,0x0,E6665A5D5416BFB7,E6E65ADD5496BFB7,E6E65ADD5496BFB7,E6E65ADD5496BFB7,E6E65ADD5496BFB7,80008000800000
15,7,1,randomblk,0x40000280,0x500,0,0x0,42021,800080008420A1,800080008420A1,800080008420A1,800080008420A1,80008000800080
15,7,1,randomblk,0x40000288,0x510,0,0x0,1004080601,80009004880681,80009004880681,80009004880681,80009004880681,80008000800080
15,7,2,movinv8,0x5FFF8F3E,0x7FF1,7,0xF8,7F,FF,FF,FF,FF,80
15,7,2,movinv8,0x5FFF8F3C,0x7FF1,7,0xF0,7F,FF,FF,FF,FF,80
15,7,2,movinv8,0x5FFF8F3A,0x7FF1,7,0xE8,7F,FF,FF,FF,FF,80
15,7,2,movinv8,0x5FFF8F38,0x7FF1,7,0xE0,7F,FF,FF,FF,FF,80
15,7,2,movinv8,0x5FFF8F36,0x7FF1,7,0xD8,7F,FF,FF,FF,FF,80
15,7,2,movinv8,0x5FFF8F34,0x7FF1,7,0xD0,7F,FF,FF,FF,FF,80
15,7,2,movinv8,0x5FFF8F32,0x7FF1,7,0xC8,7F,FF,FF,FF,FF,80
15,7,2,movinv8,0x5FFF8F30,0x7FF1,7,0xC0,7F,FF,FF,FF,FF,80
15,7,2,movinv8,0x5FFF8F2E,0x7FF1,7,0xB8,7F,FF,FF,FF,FF,80
15,7,2,movinv8,0x5FFF8F2C,0x7FF1,7,0xB0,7F,FF,FF,FF,FF,80
15,7,2,movinv8,0x5FFF8F2A,0x7FF1,7,0xA8,7F,FF,FF,FF,FF,80
15,7,2,movinv8,0x5FFF8F28,0x7FF1,7,0xA0,7F,FF,FF,FF,FF,80
15,7,2,movinv8,0x5FFF8F26,0x7FF1,7,0x98,7F,FF,FF,FF,FF,80
15,7,2,movinv8,0x5FFF8F24,0x7FF1,7,0x90,7F,FF,FF,FF,FF,80
15,7,2,movinv8,0x5FFF8F22,0x7FF1,7,0x88,7F,FF,FF,FF,FF,80
15,7,2,movinv8,0x5FFF8F20,0x7FF1,7,0x80,7F,FF,FF,FF,FF,80
15,7,2,movinv8,0x5FFF8F1E,0x7FF1,7,0x78,7F,FF,FF,FF,FF,80
15,7,2,movinv8,0x5FFF8F1C,0x7FF1,7,0x70,7F,FF,FF,FF,FF,80
15,7,2,movinv8,0x5FFF8F18,0x7FF1,7,0x60,7F,FF,FF,FF,FF,80
15,7,2,movinv8,0x5FFF8F16,0x7FF1,7,0x58,7F,FF,FF,FF,FF,80
15,7,2,movinv8,0x5FFF8F14,0x7FF1,7,0x50,7F,FF,FF,FF,FF,80
15,7,2,movinv8,0x5FFF8F12,0x7FF1,7,0x48,7F,FF,FF,FF,FF,80
15,7,2,movinv8,0x5FFF8F10,0x7FF1,7,0x40,7F,FF,FF,FF,FF,80
15,7,2,movinv8,0x5FFF8F0E,0x7FF1,7,0x38,7F,FF,FF,FF,FF,80
15,7,2,movinv8,0x5FFF8F0C,0x7FF1,7,0x30,7F,FF,FF,FF,FF,80
15,7,2,movinv8,0x5FFF8F0A,0x7FF1,7,0x28,7F,FF,FF,FF,FF,80
15,7,2,movinv8,0x5FFF8F08,0x7FF1,7,0x20,7F,FF,FF,FF,FF,80
15,7,2,movinv8,0x5FFF8F06,0x7FF1,7,0x18,7F,FF,FF,FF,FF,80
15,7,2,movinv8,0x5FFF8F04,0x7FF1,7,0x10,7F,FF,FF,FF,FF,80
15,7,2,movinv8,0x5FFF8F02,0x7FF1,7,0x8,7F,FF,FF,FF,FF,80
15,7,2,movinv8,0x5FFF8F00,0x7FF1,7,0x0,7F,FF,FF,FF,FF,80
15,7,2,movinv8,0x5FFF7FBE,0x7FEF,7,0x2F8,7F,FF,FF,FF,FF,80
15,7,2,movinv8,0x5FFF7FBC,0x7FEF,7,0x2F0,7F,FF,FF,FF,FF,80
15,7,2,movinv8,0x5FFF7FBA,0x7FEF,7,0x2E8,7F,FF,FF,FF,FF,80
15,7,2,movinv8,0x5FFF7FB8,0x7FEF,7,0x2E0,7F,FF,FF,FF,FF,80
15,7,2,movinv8,0x5FFF7FB6,0x7FEF,7,0x2D8,7F,FF,FF,FF,FF,80
15,7,2,movinv8,0x5FFF7FB4,0x7FEF,7,0x2D0,7F,FF,FF,FF,FF,80
15,7,2,movinv8,0x5FFF7FB2,0x7FEF,7,0x2C8,7F,FF,FF,FF,FF,80
15,7,2,movinv8,0x5FFF7FB0,0x7FEF,7,0x2C0,7F,FF,FF,FF,FF,80
15,7,2,movinv8,0x5FFF7FAE,0x7FEF,7,0x2B8,7F,FF,FF,FF,FF,80
15,7,2,movinv8,0x5FFF7FAC,0x7FEF,7,0x2B0,7F,FF,FF,FF,FF,80
15,7,2,movinv8,0x5FFF7FAA,0x7FEF,7,0x2A8,7F,FF,FF,FF,FF,80
15,7,2,movinv8,0x5FFF7FA8,0x7FEF,7,0x2A0,7F,FF,FF,FF,FF,80
15,7,2,movinv8,0x5FFF7FA6,0x7FEF,7,0x298,7F,FF,FF,FF,FF,80
15,7,2,movinv8,0x5FFF7FA4,0x7FEF,7,0x290,7F,FF,FF,FF,FF,80
15,7,2,movinv8,0x5FFF7FA2,0x7FEF,7,0x288,7F,FF,FF,FF,FF,80
15,7,2,movinv8,0x5FFF7FA0,0x7FEF,7,0x280,7F,FF,FF,FF,FF,80
15,7,2,movinv8,0x5FFF7F9E,0x7FEF,7,0x278,7F,FF,FF,FF,FF,80
15,7,2,movinv8,0x5FFF7F9C,0x7FEF,7,0x270,7F,FF,FF,FF,FF,80
15,7,2,btf,0x5FFFECC0,0x7FFD,4,0x300,FEFE0101FEFE0101,FEFE0181FEFE0181,FEFE0181FEFE0181,FEFE0181FEFE0181,FEFE0181FEFE0181,8000000080
15,7,2,btf,0x5FFFECC8,0x7FFD,4,0x320,FEFE0101FEFE0101,FEFE0181FEFE0181,FEFE0181FEFE0181,FEFE0181FEFE0181,FEFE0181FEFE0181,8000000080
15,7,2,btf,0x5FFFECD0,0x7FFD,4,0x340,FEFE0101FEFE0101,FEFE0181FEFE0181,FEFE0181FEFE0181,FEFE0181FEFE0181,FEFE0181FEFE0181,8000000080
15,7,2,btf,0x5FFFECD8,0x7FFD,4,0x360,FEFE0101FEFE0101,FEFE0181FEFE0181,FEFE0181FEFE0181,FEFE0181FEFE0181,FEFE0181FEFE0181,8000000080
15,7,2,btf,0x5FFFECE0,0x7FFD,4,0x380,FEFE0101FEFE0101,FEFE0181FEFE0181,FEFE0181FEFE0181,FEFE0181FEFE0181,FEFE0181FEFE0181,8000000080
15,7,2,btf,0x5FFFECE8,0x7FFD,4,0x3A0,FEFE0101FEFE0101,FEFE0181FEFE0181,FEFE0181FEFE0181,FEFE0181FEFE0181,FEFE0181FEFE0181,8000000080
15,7,2,btf,0x5FFFECF0,0x7FFD,4,0x3C0,FEFE0101FEFE0101,FEFE0181FEFE0181,FEFE0181FEFE0181,FEFE0181FEFE0181,FEFE0181FEFE0181,8000000080
15,7,2,btf,0x5FFFECF8,0x7FFD,4,0x3E0,FEFE0101FEFE0101,FEFE0181FEFE0181,FEFE0181FEFE0181,FEFE0181FEFE0181,FEFE0181FEFE0181,8000000080
15,7,2,btf,0x5FFFEC40,0x7FFD,4,0x100,FEFE0101FEFE0101,FEFE0181FEFE0181,FEFE0181FEFE0181,FEFE0181FEFE0181,FEFE0181FEFE0181,8000000080
15,7,2,btf,0x5FFFEC48,0x7FFD,4,0x120,FEFE0101FEFE0101,FEFE0181FEFE0181,FEFE0181FEFE0181,FEFE0181FEFE0181,FEFE0181FEFE0181,8000000080
15,7,2,btf,0x5FFFEC50,0x7FFD,4,0x140,FEFE0101FEFE0101,FEFE0181FEFE0181,FEFE0181FEFE0181,FEFE0181FEFE0181,FEFE0181FEFE0181,8000000080
15,7,2,btf,0x5FFFEC58,0x7FFD,4,0x160,FEFE0101FEFE0101,FEFE0181FEFE0181,FEFE0181FEFE0181,FEFE0181FEFE0181,FEFE0181FEFE0181,8000000080
15,7,2,btf,0x5FFFEC60,0x7FFD,4,0x180,FEFE0101FEFE0101,FEFE0181FEFE0181,FEFE0181FEFE0181,FEFE0181FEFE0181,FEFE0181FEFE0181,8000000080
15,7,2,btf,0x5FFFEC68,0x7FFD,4,0x1A0,FEFE0101FEFE0101,FEFE0181FEFE0181,FEFE0181FEFE0181,FEFE0181FEFE0181,FEFE0181FEFE0181,8000000080
15,7,2,btf,0x5FFFEC70,0x7FFD,4,0x1C0,FEFE0101FEFE0101,FEFE0181FEFE0181,FEFE0181FEFE0181,FEFE0181FEFE0181,FEFE0181FEFE0181,8000000080
15,7,2,btf,0x5FFFEC78,0x7FFD,4,0x1E0,FEFE0101FEFE0101,FEFE0181FEFE0181,FEFE0181FEFE0181,FEFE0181FEFE0181,FEFE0181FEFE0181,8000000080
15,7,2,btf,0x5FFFEC00,0x7FFD,4,0x0,FEFE0101FEFE0101,FEFE0181FEFE0181,FEFE0181FEFE0181,FEFE0181FEFE0181,FEFE0181FEFE0181,8000000080
15,7,2,btf,0x5FFFEC08,0x7FFD,4,0x20,FEFE0101FEFE0101,FEFE0181FEFE0181,FEFE0181FEFE0181,FEFE0181FEFE0181,FEFE0181FEFE0181,8000000080
15,7,2,btf,0x5FFFEC10,0x7FFD,4,0x40,FEFE0101FEFE0101,FEFE0181FEFE0181,FEFE0181FEFE0181,FEFE0181FEFE0181,FEFE0181FEFE0181,8000000080
15,7,2,btf,0x5FFFEC18,0x7FFD,4,0x60,FEFE0101FEFE0101,FEFE0181FEFE0181,FEFE0181FEFE0181,FEFE0181FEFE0181,FEFE0181FEFE0181,8000000080
15,7,2,btf,0x5FFFEC20,0x7FFD,4,0x80,FEFE0101FEFE0101,FEFE0181FEFE0181,FEFE0181FEFE0181,FEFE0181FEFE0181,FEFE0181FEFE0181,8000000080
15,7,2,btf,0x5FFFEC28,0x7FFD,4,0xA0,FEFE0101FEFE0101,FEFE0181FEFE0181,FEFE0181FEFE0181,FEFE0181FEFE0181,FEFE0181FEFE0181,8000000080
15,7,2,btf,0x5FFFEC30,0x7FFD,4,0xC0,FEFE0101FEFE0101,FEFE0181FEFE0181,FEFE0181FEFE0181,FEFE0181FEFE0181,FEFE0181FEFE0181,8000000080
15,7,2,btf,0x5FFFEC38,0x7FFD,4,0xE0,FEFE0101FEFE0101,FEFE0181FEFE0181,FEFE0181FEFE0181,FEFE0181FEFE0181,FEFE0181FEFE0181,8000000080
15,7,2,btf,0x5FFFEBC0,0x7FFD,3,0x300,FEFE0101FEFE0101,FEFE0181FEFE0181,FEFE0181FEFE0181,FEFE0181FEFE0181,FEFE0181FEFE0181,8000000080
15,7,2,btf,0x5FFFEBC8,0x7FFD,3,0x320,FEFE0101FEFE0101,FEFE0181FEFE0181,FEFE0181FEFE0181,FEFE0181FEFE0181,FEFE0181FEFE0181,8000000080
15,7,2,btf,0x5FFFEBD0,0x7FFD,3,0x340,FEFE0101FEFE0101,FEFE0181FEFE0181,FEFE0181FEFE0181,FEFE0181FEFE0181,FEFE0181FEFE0181,8000000080
15,7,2,btf,0x5FFFEBD8,0x7FFD,3,0x360,FEFE0101FEFE0101,FEFE0181FEFE0181,FEFE0181FEFE0181,FEFE0181FEFE0181,FEFE0181FEFE0181,8000000080
15,7,2,btf,0x5FFFEBE0,0x7FFD,3,0x380,FEFE0101FEFE0101,FEFE0181FEFE0181,FEFE0181FEFE0181,FEFE0181FEFE0181,FEFE0181FEFE0181,8000000080
15,7,2,btf,0x5FFFEBE8,0x7FFD,3,0x3A0,FEFE0101FEFE0101,FEFE0181FEFE0181,FEFE0181FEFE0181,FEFE0181FEFE0181,FEFE0181FEFE0181,8000000080
15,7,2,btf,0x5FFFEBF0,0x7FFD,3,0x3C0,FEFE0101FEFE0101,FEFE0181FEFE0181,FEFE0181FEFE0181,FEFE0181FEFE0181,FEFE0181FEFE0181,8000000080
15,7,2,btf,0x5FFFEB80,0x7FFD,3,0x200,FEFE0101FEFE0101,FEFE0181FEFE0181,FEFE0181FEFE0181,FEFE0181FEFE0181,FEFE0181FEFE0181,8000000080
15,7,2,btf,0x5FFFEB88,0x7FFD,3,0x220,FEFE0101FEFE0101,FEFE0181FEFE0181,FEFE0181FEFE0181,FEFE0181FEFE0181,FEFE0181FEFE0181,8000000080
15,7,2,btf,0x5FFFEB90,0x7FFD,3,0x240,FEFE0101FEFE0101,FEFE0181FEFE0181,FEFE0181FEFE0181,FEFE0181FEFE0181,FEFE0181FEFE0181,8000000080
15,7,2,btf,0x5FFFEB98,0x7FFD,3,0x260,FEFE0101FEFE0101,FEFE0181FEFE0181,FEFE0181FEFE0181,FEFE0181FEFE0181,FEFE0181FEFE0181,8000000080
15,7,2,btf,0x5FFFEBA0,0x7FFD,3,0x280,FEFE0101FEFE0101,FEFE0181FEFE0181,FEFE0181FEFE0181,FEFE0181FEFE0181,FEFE0181FEFE0181,8000000080
15,7,2,btf,0x5FFFEBA8,0x7FFD,3,0x2A0,FEFE0101FEFE0101,FEFE0181FEFE0181,FEFE0181FEFE0181,FEFE0181FEFE0181,FEFE0181FEFE0181,8000000080
15,7,2,btf,0x5FFFEBB0,0x7FFD,3,0x2C0,FEFE0101FEFE0101,FEFE0181FEFE0181,FEFE0181FEFE0181,FEFE0181FEFE0181,FEFE0181FEFE0181,8000000080
15,7,2,btf,0x5FFFEBB8,0x7FFD,3,0x2E0,FEFE0101FEFE0101,FEFE0181FEFE0181,FEFE0181FEFE0181,FEFE0181FEFE0181,FEFE0181FEFE0181,8000000080
15,7,2,btf,0x5FFFEB40,0x7FFD,3,0x100,FEFE0101FEFE0101,FEFE0181FEFE0181,FEFE0181FEFE0181,FEFE0181FEFE0181,FEFE0181FEFE0181,8000000080
15,7,2,btf,0x5FFFEB48,0x7FFD,3,0x120,FEFE0101FEFE0101,FEFE0181FEFE0181,FEFE0181FEFE0181,FEFE0181FEFE0181,FEFE0181FEFE0181,8000000080
15,7,2,btf,0x5FFFEB50,0x7FFD,3,0x140,FEFE0101FEFE0101,FEFE0181FEFE0181,FEFE0181FEFE0181,FEFE0181FEFE0181,FEFE0181FEFE0181,8000000080
15,7,2,btf,0x5FFFEB58,0x7FFD,3,0x160,FEFE0101FEFE0101,FEFE0181FEFE0181,FEFE0181FEFE0181,FEFE0181FEFE0181,FEFE0181FEFE0181,8000000080
15,7,2,btf,0x5FFFEB60,0x7FFD,3,0x180,FEFE0101FEFE0101,FEFE0181FEFE0181,FEFE0181FEFE0181,FEFE0181FEFE0181,FEFE0181FEFE0181,8000000080
15,7,2,btf,0x5FFFEB68,0x7FFD,3,0x1A0,FEFE0101FEFE0101,FEFE0181FEFE0181,FEFE0181FEFE0181,FEFE0181FEFE0181,FEFE0181FEFE0181,8000000080
15,7,2,btf,0x5FFFEB70,0x7FFD,3,0x1C0,FEFE0101FEFE0101,FEFE0181FEFE0181,FEFE0181FEFE0181,FEFE0181FEFE0181,FEFE0181FEFE0181,8000000080
15,7,2,btf,0x5FFFEB78,0x7FFD,3,0x1E0,FEFE0101FEFE0101,FEFE0181FEFE0181,FEFE0181FEFE0181,FEFE0181FEFE0181,FEFE0181FEFE0181,8000000080
15,7,2,btf,0x5FFFEB00,0x7FFD,3,0x0,FEFE0101FEFE0101,FEFE0181FEFE0181,FEFE0181FEFE0181,FEFE0181FEFE0181,FEFE0181FEFE0181,8000000080
15,7,2,btf,0x5FFFEB08,0x7FFD,3,0x20,FEFE0101FEFE0101,FEFE0181FEFE0181,FEFE0181FEFE0181,FEFE0181FEFE0181,FEFE0181FEFE0181,8000000080
15,7,2,isi,0x40000100,0x200,0,0x0,7F,FF,FF,FF,FF,80
15,7,2,isi,0x40000102,0x204,0,0x0,7F,FF,FF,FF,FF,80
15,7,2,isi,0x40000104,0x208,0,0x0,7F,FF,FF,FF,FF,80
15,7,2,isi,0x40000106,0x20C,0,0x0,7F,FF,FF,FF,FF,80
15,7,2,isi,0x40000108,0x210,0,0x0,7F,FF,FF,FF,FF,80
15,7,2,isi,0x4000010A,0x214,0,0x0,7F,FF,FF,FF,FF,80
15,7,2,isi,0x4000010C,0x218,0,0x0,7F,FF,FF,FF,FF,80
15,7,2,isi,0x4000010E,0x21C,0,0x0,7F,FF,FF,FF,FF,80
15,7,2,isi,0x40000110,0x220,0,0x0,7F,FF,FF,FF,FF,80
15,7,2,isi,0x40000112,0x224,0,0x0,7F,FF,FF,FF,FF,80
15,7,2,isi,0x40000114,0x228,0,0x0,7F,FF,FF,FF,FF,80
15,7,2,isi,0x40000116,0x22C,0,0x0,7F,FF,FF,FF,FF,80
15,7,2,isi,0x40000118,0x230,0,0x0,7F,FF,FF,FF,FF,80
15,7,2,isi,0x4000011A,0x234,0,0x0,7F,FF,FF,FF,FF,80
15,7,2,isi,0x4000011C,0x238,0,0x0,7F,FF,FF,FF,FF,80
15,7,2,isi,0x4000011E,0x23C,0,0x0,7F,FF,FF,FF,FF,80
15,7,2,isi,0x40000120,0x240,0,0x0,7F,FF,FF,FF,FF,80
15,7,2,isi,0x40000122,0x244,0,0x0,7F,FF,FF,FF,FF,80
15,7,2,isi,0x40000124,0x248,0,0x0,7F,FF,FF,FF,FF,80
15,7,2,isi,0x40000126,0x24C,0,0x0,7F,FF,FF,FF,FF,80
15,7,2,isi,0x40000128,0x250,0,0x0,7F,FF,FF,FF,FF,80
15,7,2,isi,0x4000012A,0x254,0,0x0,7F,FF,FF,FF,FF,80
15,7,2,isi,0x4000012C,0x258,0,0x0,7F,FF,FF,FF,FF,80
15,7,2,isi,0x4000012E,0x25C,0,0x0,7F,FF,FF,FF,FF,80
15,7,2,isi,0x40000130,0x260,0,0x0,7F,FF,FF,FF,FF,80
15,7,2,isi,0x40000132,0x264,0,0x0,7F,FF,FF,FF,FF,80
15,7,2,isi,0x40000134,0x268,0,0x0,7F,FF,FF,FF,FF,80
15,7,2,isi,0x40000136,0x26C,0,0x0,7F,FF,FF,FF,FF,80
15,7,2,isi,0x40000138,0x270,0,0x0,7F,FF,FF,FF,FF,80
15,7,2,isi,0x4000013A,0x274,0,0x0,7F,FF,FF,FF,FF,80
15,7,2,isi,0x4000013C,0x278,0,0x0,7F,FF,FF,FF,FF,80
15,7,2,isi,0x4000013E,0x27C,0,0x0,7F,FF,FF,FF,FF,80
15,7,2,isi,0x40000140,0x280,0,0x0,7F,FF,FF,FF,FF,80
15,7,2,isi,0x40000142,0x284,0,0x0,7F,FF,FF,FF,FF,80
15,7,2,isi,0x40000144,0x288,0,0x0,7F,FF,FF,FF,FF,80
15,7,2,isi,0x40000146,0x28C,0,0x0,7F,FF,FF,FF,FF,80
15,7,2,isi,0x40000148,0x290,0,0x0,7F,FF,FF,FF,FF,80
15,7,2,isi,0x4000014C,0x298,0,0x0,7F,FF,FF,FF,FF,80
15,7,2,isi,0x4000014E,0x29C,0,0x0,7F,FF,FF,FF,FF,80
15,7,2,isi,0x40000150,0x2A0,0,0x0,7F,FF,FF,FF,FF,80
15,7,2,isi,0x40000152,0x2A4,0,0x0,7F,FF,FF,FF,FF,80
15,7,2,isi,0x40000154,0x2A8,0,0x0,7F,FF,FF,FF,FF,80
15,7,2,isi,0x40000156,0x2AC,0,0x0,7F,FF,FF,FF,FF,80
15,7,2,isi,0x40000158,0x2B0,0,0x0,7F,FF,FF,FF,FF,80
15,7,2,isi,0x4000015A,0x2B4,0,0x0,7F,FF,FF,FF,FF,80
15,7,2,isi,0x4000015C,0x2B8,0,0x0,7F,FF,FF,FF,FF,80
15,7,2,isi,0x4000015E,0x2BC,0,0x0,7F,FF,FF,FF,FF,80
15,7,2,isi,0x40000160,0x2C0,0,0x0,7F,FF,FF,FF,FF,80
15,7,2,isi,0x40000162,0x2C4,0,0x0,7F,FF,FF,FF,FF,80
15,7,2,linear,0x40002F00,0x5E00,0,0x0,0,80008000800080,80008000800080,80008000800080,80008000800080,80008000800080
15,7,2,linear,0x40002F10,0x5E20,0,0x0,0,80008000800080,80008000800080,80008000800080,80008000800080,80008000800080
15,7,2,linear,0x40002F20,0x5E40,0,0x0,0,80008000800080,80008000800080,80008000800080,80008000800080,80008000800080
15,7,2,linear,0x40002F30,0x5E60,0,0x0,0,80008000800080,80008000800080,80008000800080,80008000800080,80008000800080
15,7,2,linear,0x40002F40,0x5E80,0,0x0,0,80008000800080,80008000800080,80008000800080,80008000800080,80008000800080
15,7,2,linear,0x40002F50,0x5EA0,0,0x0,0,80008000800080,80008000800080,80008000800080,80008000800080,80008000800080
15,7,2,linear,0x40002F60,0x5EC0,0,0x0,0,80008000800080,80008000800080,80008000800080,80008000800080,80008000800080
15,7,2,linear,0x40002F70,0x5EE0,0,0x0,0,80008000800080,80008000800080,80008000800080,80008000800080,80008000800080
15,7,2,linear,0x40002F80,0x5F00,0,0x0,0,80008000800080,80008000800080,80008000800080,80008000800080,80008000800080
15,7,2,linear,0x40002F90,0x5F20,0,0x0,0,80008000800080,80008000800080,80008000800080,80008000800080,80008000800080
15,7,2,linear,0x40002FA0,0x5F40,0,0x0,0,80008000800080,80008000800080,80008000800080,80008000800080,80008000800080
15,7,2,linear,0x40002FB0,0x5F60,0,0x0,0,80008000800080,80008000800080,80008000800080,80008000800080,80008000800080
15,7,2,linear,0x40002FC0,0x5F80,0,0x0,0,80008000800080,80008000800080,80008000800080,80008000800080,80008000800080
15,7,2,linear,0x40002FD0,0x5FA0,0,0x0,0,80008000800080,80008000800080,80008000800080,80008000800080,80008000800080
15,7,2,linear,0x40002FE0,0x5FC0,0,0x0,0,80008000800080,80008000800080,80008000800080,80008000800080,80008000800080
15,7,2,linear,0x40002FF0,0x5FE0,0,0x0,0,80008000800080,80008000800080,80008000800080,80008000800080,80008000800080
15,7,2,linear,0x40003100,0x6200,0,0x0,0,80008000800080,80008000800080,80008000800080,80008000800080,80008000800080
15,7,2,linear,0x40003110,0x6220,0,0x0,0,80008000800080,80008000800080,80008000800080,80008000800080,80008000800080
15,7,2,linear,0x40003120,0x6240,0,0x0,0,80008000800080,80008000800080,80008000800080,80008000800080,80008000800080
15,7,2,linear,0x40003130,0x6260,0,0x0,0,80008000800080,80008000800080,80008000800080,80008000800080,80008000800080
15,7,2,linear,0x40003140,0x6280,0,0x0,0,80008000800080,80008000800080,80008000800080,80008000800080,80008000800080
15,7,2,linear,0x40003150,0x62A0,0,0x0,0,80008000800080,80008000800080,80008000800080,80008000800080,80008000800080
15,7,2,linear,0x40003160,0x62C0,0,0x0,0,80008000800080,80008000800080,80008000800080,80008000800080,80008000800080
15,7,2,linear,0x40003170,0x62E0,0,0x0,0,80008000800080,80008000800080,80008000800080,80008000800080,80008000800080
15,7,2,linear,0x40003180,0x6300,0,0x0,0,80008000800080,80008000800080,80008000800080,80008000800080,80008000800080
15,7,2,linear,0x40003190,0x6320,0,0x0,0,80008000800080,80008000800080,80008000800080,80008000800080,80008000800080
15,7,2,linear,0x400031A0,0x6340,0,0x0,0,80008000800080,80008000800080,80008000800080,80008000800080,80008000800080
15,7,2,linear,0x400031B0,0x6360,0,0x0,0,80008000800080,80008000800080,80008000800080,80008000800080,80008000800080
15,7,2,linear,0x400031C0,0x6380,0,0x0,0,80008000800080,80008000800080,80008000800080,80008000800080,80008000800080
15,7,2,linear,0x400031D0,0x63A0,0,0x0,0,80008000800080,80008000800080,80008000800080,80008000800080,80008000800080
15,7,2,linear,0x400031E0,0x63C0,0,0x0,0,80008000800080,80008000800080,80008000800080,80008000800080,80008000800080
15,7,2,linear,0x400031F0,0x63E0,0,0x0,0,80008000800080,80008000800080,80008000800080,80008000800080,80008000800080
15,7,2,linear,0x40003200,0x6400,0,0x0,0,80008000800080,80008000800080,80008000800080,80008000800080,80008000800080
15,7,2,linear,0x40003210,0x6420,0,0x0,0,80008000800080,80008000800080,80008000800080,80008000800080,80008000800080
15,7,2,linear,0x40003220,0x6440,0,0x0,0,80008000800080,80008000800080,80008000800080,80008000800080,80008000800080
15,7,2,linear,0x40003230,0x6460,0,0x0,0,80008000800080,80008000800080,80008000800080,80008000800080,80008000800080
15,7,2,linear,0x40003240,0x6480,0,0x0,0,80008000800080,80008000800080,80008000800080,80008000800080,80008000800080
15,7,2,linear,0x40003250,0x64A0,0,0x0,0,80008000800080,80008000800080,80008000800080,80008000800080,80008000800080
15,7,2,linear,0x40003260,0x64C0,0,0x0,0,80008000800080,80008000800080,80008000800080,80008000800080,80008000800080
15,7,2,linear,0x40003270,0x64E0,0,0x0,0,80008000800080,80008000800080,80008000800080,80008000800080,80008000800080
15,7,2,linear,0x40003280,0x6500,0,0x0,0,80008000800080,80008000800080,80008000800080,80008000800080,80008000800080
15,7,2,linear,0x40003290,0x6520,0,0x0,0,80008000800080,80008000800080,80008000800080,80008000800080,80008000800080
15,7,2,linear,0x400032A0,0x6540,0,0x0,0,80008000800080,80008000800080,80008000800080,80008000800080,80008000800080
15,7,2,linear,0x400032B0,0x6560,0,0x0,0,80008000800080,80008000800080,80008000800080,80008000800080,80008000800080
15,7,2,linear,0x400032C0,0x6580,0,0x0,0,80008000800080,80008000800080,80008000800080,80008000800080,80008000800080
15,7,2,linear,0x400032D0,0x65A0,0,0x0,0,80008000800080,80008000800080,80008000800080,80008000800080,80008000800080
15,7,2,linear,0x400032E0,0x65C0,0,0x0,0,80008000800080,80008000800080,80008000800080,80008000800080,80008000800080
15,7,2,linear,0x400032F0,0x65E0,0,0x0,0,80008000800080,80008000800080,80008000800080,80008000800080,80008000800080
15,7,2,linear,0x40003500,0x6A00,0,0x0,0,80008000800080,80008000800080,80008000800080,80008000800080,80008000800080
15,7,2,linear,0x40003510,0x6A20,0,0x0,0,80008000800080,80008000800080,80008000800080,80008000800080,80008000800080
15,7,2,victim,0x40000100,0x200,0,0x0,1FFFFFFFE,800081FFFFFFFE,800081FFFFFFFE,800081FFFFFFFE,800081FFFFFFFE,80008000000000
15,7,2,victim,0x40000108,0x210,0,0x0,1FFFFFFFE,800081FFFFFFFE,800081FFFFFFFE,800081FFFFFFFE,800081FFFFFFFE,80008000000000
15,7,2,victim,0x40000180,0x300,0,0x0,1FFFFFFFE,800081FFFFFFFE,800081FFFFFFFE,800081FFFFFFFE,800081FFFFFFFE,80008000000000
15,7,2,victim,0x40000188,0x310,0,0x0,1FFFFFFFE,800081FFFFFFFE,800081FFFFFFFE,800081FFFFFFFE,800081FFFFFFFE,80008000000000
15,7,2,victim,0x40000200,0x400,0,0x0,1FFFFFFFE,800081FFFFFFFE,800081FFFFFFFE,800081FFFFFFFE,800081FFFFFFFE,80008000000000
15,7,2,victim,0x40000208,0x410,0,0x0,1FFFFFFFE,800081FFFFFFFE,800081FFFFFFFE,800081FFFFFFFE,800081FFFFFFFE,80008000000000
15,7,2,victim,0x40000280,0x500,0,0x0,1FFFFFFFE,800081FFFFFFFE,800081FFFFFFFE,800081FFFFFFFE,800081FFFFFFFE,80008000000000
15,7,2,victim,0x40000288,0x510,0,0x0,1FFFFFFFE,800081FFFFFFFE,800081FFFFFFFE,800081FFFFFFFE,800081FFFFFFFE,80008000000000
15,7,2,victim,0x40000500,0xA00,0,0x0,1FFFFFFFE,800081FFFFFFFE,800081FFFFFFFE,800081FFFFFFFE,800081FFFFFFFE,80008000000000
15,7,2,victim,0x40000508,0xA10,0,0x0,1FFFFFFFE,800081FFFFFFFE,800081FFFFFFFE,800081FFFFFFFE,800081FFFFFFFE,80008000000000
15,7,2,victim,0x40000580,0xB00,0,0x0,1FFFFFFFE,800081FFFFFFFE,800081FFFFFFFE,800081FFFFFFFE,800081FFFFFFFE,80008000000000
15,7,2,victim,0x40000588,0xB10,0,0x0,1FFFFFFFE,800081FFFFFFFE,800081FFFFFFFE,800081FFFFFFFE,800081FFFFFFFE,80008000000000
15,7,2,victim,0x40000600,0xC00,0,0x0,1FFFFFFFE,800081FFFFFFFE,800081FFFFFFFE,800081FFFFFFFE,800081FFFFFFFE,80008000000000
15,7,2,victim,0x40000608,0xC10,0,0x0,1FFFFFFFE,800081FFFFFFFE,800081FFFFFFFE,800081FFFFFFFE,800081FFFFFFFE,80008000000000
15,7,2,victim,0x40000680,0xD00,0,0x0,1FFFFFFFE,800081FFFFFFFE,800081FFFFFFFE,800081FFFFFFFE,800081FFFFFFFE,80008000000000
15,7,2,victim,0x40000688,0xD10,0,0x0,1FFFFFFFE,800081FFFFFFFE,800081FFFFFFFE,800081FFFFFFFE,800081FFFFFFFE,80008000000000
15,7,2,victim,0x40000800,0x1000,0,0x0,1FFFFFFFE,800081FFFFFFFE,800081FFFFFFFE,800081FFFFFFFE,800081FFFFFFFE,80008000000000
15,7,2,victim,0x40000808,0x1010,0,0x0,1FFFFFFFE,800081FFFFFFFE,800081FFFFFFFE,800081FFFFFFFE,800081FFFFFFFE,80008000000000
15,7,2,victim,0x40000880,0x1100,0,0x0,1FFFFFFFE,800081FFFFFFFE,800081FFFFFFFE,800081FFFFFFFE,800081FFFFFFFE,80008000000000
15,7,2,victim,0x40000888,0x1110,0,0x0,1FFFFFFFE,800081FFFFFFFE,800081FFFFFFFE,800081FFFFFFFE,800081FFFFFFFE,80008000000000
15,7,2,victim,0x40000B00,0x1600,0,0x0,1FFFFFFFE,800081FFFFFFFE,800081FFFFFFFE,800081FFFFFFFE,800081FFFFFFFE,80008000000000
15,7,2,victim,0x40000B80,0x1700,0,0x0,1FFFFFFFE,800081FFFFFFFE,800081FFFFFFFE,800081FFFFFFFE,800081FFFFFFFE,80008000000000
15,7,2,victim,0x40000B88,0x1710,0,0x0,1FFFFFFFE,800081FFFFFFFE,800081FFFFFFFE,800081FFFFFFFE,800081FFFFFFFE,80008000000000
15,7,2,victim,0x40000C00,0x1800,0,0x0,1FFFFFFFE,800081FFFFFFFE,800081FFFFFFFE,800081FFFFFFFE,800081FFFFFFFE,80008000000000
15,7,2,victim,0x40000C08,0x1810,0,0x0,1FFFFFFFE,800081FFFFFFFE,800081FFFFFFFE,800081FFFFFFFE,800081FFFFFFFE,80008000000000
15,7,2,victim,0x40000C80,0x1900,0,0x0,1FFFFFFFE,800081FFFFFFFE,800081FFFFFFFE,800081FFFFFFFE,800081FFFFFFFE,80008000000000
15,7,2,victim,0x40000C88,0x1910,0,0x0,1FFFFFFFE,800081FFFFFFFE,800081FFFFFFFE,800081FFFFFFFE,800081FFFFFFFE,80008000000000
15,7,2,victim,0x40000F00,0x1E00,0,0x0,1FFFFFFFE,800081FFFFFFFE,800081FFFFFFFE,800081FFFFFFFE,800081FFFFFFFE,80008000000000
15,7,2,victim,0x40000F08,0x1E10,0,0x0,1FFFFFFFE,800081FFFFFFFE,800081FFFFFFFE,800081FFFFFFFE,800081FFFFFFFE,80008000000000
15,7,2,victim,0x40000F80,0x1F00,0,0x0,1FFFFFFFE,800081FFFFFFFE,800081FFFFFFFE,800081FFFFFFFE,800081FFFFFFFE,80008000000000
15,7,2,victim,0x40000F88,0x1F10,0,0x0,1FFFFFFFE,800081FFFFFFFE,800081FFFFFFFE,800081FFFFFFFE,800081FFFFFFFE,80008000000000
15,7,2,victim,0x40001100,0x2200,0,0x0,1FFFFFFFE,800081FFFFFFFE,800081FFFFFFFE,800081FFFFFFFE,800081FFFFFFFE,80008000000000
15,7,2,victim,0x40001108,0x2210,0,0x0,1FFFFFFFE,800081FFFFFFFE,800081FFFFFFFE,800081FFFFFFFE,800081FFFFFFFE,80008000000000
15,7,2,victim,0x40001180,0x2300,0,0x0,1FFFFFFFE,800081FFFFFFFE,800081FFFFFFFE,800081FFFFFFFE,800081FFFFFFFE,80008000000000
15,7,2,victim,0x40001188,0x2310,0,0x0,1FFFFFFFE,800081FFFFFFFE,800081FFFFFFFE,800081FFFFFFFE,800081FFFFFFFE,80008000000000
15,7,2,victim,0x40001200,0x2400,0,0x0,1FFFFFFFE,800081FFFFFFFE,800081FFFFFFFE,800081FFFFFFFE,800081FFFFFFFE,80008000000000
15,7,2,victim,0x40001208,0x2410,0,0x0,1FFFFFFFE,800081FFFFFFFE,800081FFFFFFFE,800081FFFFFFFE,800081FFFFFFFE,80008000000000
15,7,2,victim,0x40001280,0x2500,0,0x0,1FFFFFFFE,800081FFFFFFFE,800081FFFFFFFE,800081FFFFFFFE,800081FFFFFFFE,80008000000000
15,7,2,victim,0x40001288,0x2510,0,0x0,1FFFFFFFE,800081FFFFFFFE,800081FFFFFFFE,800081FFFFFFFE,800081FFFFFFFE,80008000000000
15,7,2,victim,0x40001500,0x2A00,0,0x0,1FFFFFFFE,800081FFFFFFFE,800081FFFFFFFE,800081FFFFFFFE,800081FFFFFFFE,80008000000000
15,7,2,victim,0x40001508,0x2A10,0,0x0,1FFFFFFFE,800081FFFFFFFE,800081FFFFFFFE,800081FFFFFFFE,800081FFFFFFFE,80008000000000
15,7,2,victim,0x40001580,0x2B00,0,0x0,1FFFFFFFE,800081FFFFFFFE,800081FFFFFFFE,800081FFFFFFFE,800081FFFFFFFE,80008000000000
15,7,2,victim,0x40001588,0x2B10,0,0x0,1FFFFFFFE,800081FFFFFFFE,800081FFFFFFFE,800081FFFFFFFE,800081FFFFFFFE,80008000000000
15,7,2,victim,0x40001600,0x2C00,0,0x0,1FFFFFFFE,800081FFFFFFFE,800081FFFFFFFE,800081FFFFFFFE,800081FFFFFFFE,80008000000000
15,7,2,victim,0x40001608,0x2C10,0,0x0,1FFFFFFFE,800081FFFFFFFE,800081FFFFFFFE,800081FFFFFFFE,800081FFFFFFFE,80008000000000
15,7,2,victim,0x40001680,0x2D00,0,0x0,1FFFFFFFE,800081FFFFFFFE,800081FFFFFFFE,800081FFFFFFFE,800081FFFFFFFE,80008000000000
15,7,2,victim,0x40001688,0x2D10,0,0x0,1FFFFFFFE,800081FFFFFFFE,800081FFFFFFFE,800081FFFFFFFE,800081FFFFFFFE,80008000000000
15,7,2,victim,0x40001800,0x3000,0,0x0,1FFFFFFFE,800081FFFFFFFE,800081FFFFFFFE,800081FFFFFFFE,800081FFFFFFFE,80008000000000
15,7,2,victim,0x40001808,0x3010,0,0x0,1FFFFFFFE,800081FFFFFFFE,800081FFFFFFFE,800081FFFFFFFE,800081FFFFFFFE,80008000000000
15,7,2,randomblk,0x40000100,0x200,0,0x0,42021,800080008420A1,800080008420A1,800080008420A1,800080008420A1,80008000800080
15,7,2,randomblk,0x40000108,0x210,0,0x0,1004080601,80009004880681,80009004880681,80009004880681,80009004880681,80008000800080
15,7,2,randomblk,0x40000110,0x220,0,0x0,421290949428C5,C21290949428C5,C21290949428C5,C21290949428C5,C21290949428C5,80000000000000
15,7,2,randomblk,0x40000118,0x230,0,0x0,140048203D8063,9400C820BD80E3,9400C820BD80E3,9400C820BD80E3,9400C820BD80E3,80008000800080
15,7,2,randomblk,0x40000120,0x240,0,0x0,83B5CC6350D3271B,83B5CCE350D3279B,83B5CCE350D3279B,83B5CCE350D3279B,83B5CCE350D3279B,8000000080
15,7,2,randomblk,0x40000128,0x250,0,0x0,7D0ED7D906977D63,7D8ED7D906977DE3,7D8ED7D906977DE3,7D8ED7D906977DE3,7D8ED7D906977DE3,80000000000080
15,7,2,randomblk,0x40000130,0x260,0,0x0,59413AD34563D63E,59C13AD345E3D6BE,59C13AD345E3D6BE,59C13AD345E3D6BE,59C13AD345E3D6BE,80000000800080
15,7,2,randomblk,0x40000138,0x270,0,0x0,BD76C32045EAB46C,BDF6C3A045EAB4EC,BDF6C3A045EAB4EC,BDF6C3A045EAB4EC,BDF6C3A045EAB4EC,80008000000080
15,7,2,randomblk,0x40000140,0x280,0,0x0,C74DDB9AA39E063F,C7CDDB9AA39E06BF,C7CDDB9AA39E06BF,C7CDDB9AA39E06BF,C7CDDB9AA39E06BF,80000000000080
15,7,2,randomblk,0x40000148,0x290,0,0x0,FBE88F32B107A5F3,FBE88FB2B187A5F3,FBE88FB2B187A5F3,FBE88FB2B187A5F3,FBE88FB2B187A5F3,8000800000
15,7,2,randomblk,0x40000150,0x2A0,0,0x0,ABDB2EB00F2C02CF,ABDB2EB00FAC02CF,ABDB2EB00FAC02CF,ABDB2EB00FAC02CF,ABDB2EB00FAC02CF,800000
15,7,2,randomblk,0x40000158,0x2B0,0,0x0,FA44230033B8BD5,FA442B003BB8BD5,FA442B003BB8BD5,FA442B003BB8BD5,FA442B003BB8BD5,8000800000
15,7,2,randomblk,0x40000160,0x2C0,0,0x0,7BA2356C3E38CC55,7BA235EC3EB8CCD5,7BA235EC3EB8CCD5,7BA235EC3EB8CCD5,7BA235EC3EB8CCD5,8000800080
15,7,2,randomblk,0x40000168,0x2D0,0,0x0,9CFA29B322180E0C,9CFA29B322980E8C,9CFA29B322980E8C,9CFA29B322980E8C,9CFA29B322980E8C,800080
15,7,2,randomblk,0x40000170,0x2E0,0,0x0,E04803D6A11263E0,E0C803D6A19263E0,E0C803D6A19263E0,E0C803D6A19263E0,E0C803D6A19263E0,80000000800000
15,7,2,randomblk,0x40000178,0x2F0,0,0x0,E6665A5D5416BFB7,E6E65ADD5496BFB7,E6E65ADD5496BFB7,E6E65ADD5496BFB7,E6E65ADD5496BFB7,80008000800000
15,7,2,randomblk,0x40000180,0x300,0,0x0,42021,800080008420A1,800080008420A1,800080008420A1,800080008420A1,80008000800080
15,7,2,randomblk,0x40000188,0x310,0,0x0,1004080601,80009004880681,80009004880681,80009004880681,80009004880681,80008000800080
15,7,2,randomblk,0x40000190,0x320,0,0x0,421290949428C5,C21290949428C5,C21290949428C5,C21290949428C5,C21290949428C5,80000000000000
15,7,2,randomblk,0x40000198,0x330,0,0x0,140048203D8063,9400C820BD80E3,9400C820BD80E3,9400C820BD80E3,9400C820BD80E3,80008000800080
15,7,2,randomblk,0x400001A0,0x340,0,0x0,83B5CC6350D3271B,83B5CCE350D3279B,83B5CCE350D3279B,83B5CCE350D3279B,83B5CCE350D3279B,8000000080
15,7,2,randomblk,0x400001A8,0x350,0,0x0,7D0ED7D906977D63,7D8ED7D906977DE3,7D8ED7D906977DE3,7D8ED7D906977DE3,7D8ED7D906977DE3,80000000000080
15,7,2,randomblk,0x400001B0,0x360,0,0x0,59413AD34563D63E,59C13AD345E3D6BE,59C13AD345E3D6BE,59C13AD345E3D6BE,59C13AD345E3D6BE,80000000800080
15,7,2,randomblk,0x400001B8,0x370,0,0x0,BD76C32045EAB46C,BDF6C3A045EAB4EC,BDF6C3A045EAB4EC,BDF6C3A045EAB4EC,BDF6C3A045EAB4EC,80008000000080
15,7,2,randomblk,0x400001C0,0x380,0,0x0,C74DDB9AA39E063F,C7CDDB9AA39E06BF,C7CDDB9AA39E06BF,C7CDDB9AA39E06BF,C7CDDB9AA39E06BF,80000000000080
15,7,2,randomblk,0x400001C8,0x390,0,0x0,FBE88F32B107A5F3,FBE88FB2B187A5F3,FBE88FB2B187A5F3,FBE88FB2B187A5F3,FBE88FB2B187A5F3,8000800000
15,7,2,randomblk,0x400001D0,0x3A0,0,0x0,ABDB2EB00F2C02CF,ABDB2EB00FAC02CF,ABDB2EB00FAC02CF,ABDB2EB00FAC02CF,ABDB2EB00FAC02CF,800000
15,7,2,randomblk,0x400001D8,0x3B0,0,0x0,FA44230033B8BD5,FA442B003BB8BD5,FA442B003BB8BD5,FA442B003BB8BD5,FA442B003BB8BD5,8000800000
15,7,2,randomblk,0x400001E0,0x3C0,0,0x0,7BA2356C3E38CC55,7BA235EC3EB8CCD5,7BA235EC3EB8CCD5,7BA235EC3EB8CCD5,7BA235EC3EB8CCD5,8000800080
15,7,2,randomblk,0x400001E8,0x3D0,0,0x0,9CFA29B322180E0C,9CFA29B322980E8C,9CFA29B322980E8C,9CFA29B322980E8C,9CFA29B322980E8C,800080
15,7,2,randomblk,0x400001F0,0x3E0,0,0x0,E04803D6A11263E0,E0C803D6A19263E0,E0C803D6A19263E0,E0C803D6A19263E0,E0C803D6A19263E0,80000000800000
15,7,2,randomblk,0x400001F8,0x3F0,0,0x0,E6665A5D5416BFB7,E6E65ADD5496BFB7,E6E65ADD5496BFB7,E6E65ADD5496BFB7,E6E65ADD5496BFB7,80008000800000
15,7,2,randomblk,0x40000200,0x400,0,0x0,42021,800080008420A1,800080008420A1,800080008420A1,800080008420A1,80008000800080
15,7,2,randomblk,0x40000208,0x410,0,0x0,1004080601,80009004880681,80009004880681,80009004880681,80009004880681,80008000800080
15,7,2,randomblk,0x40000210,0x420,0,0x0,421290949428C5,C21290949428C5,C21290949428C5,C21290949428C5,C21290949428C5,80000000000000
15,7,2,randomblk,0x40000218,0x430,0,0x0,140048203D8063,9400C820BD80E3,9400C820BD80E3,9400C820BD80E3,9400C820BD80E3,80008000800080
15,7,2,randomblk,0x40000220,0x440,0,0x0,83B5CC6350D3271B,83B5CCE350D3279B,83B5CCE350D3279B,83B5CCE350D3279B,83B5CCE350D3279B,8000000080
15,7,2,randomblk,0x40000228,0x450,0,0x0,7D0ED7D906977D63,7D8ED7D906977DE3,7D8ED7D906977DE3,7D8ED7D906977DE3,7D8ED7D906977DE3,80000000000080
15,7,2,randomblk,0x40000230,0x460,0,0x0,59413AD34563D63E,59C13AD345E3D6BE,59C13AD345E3D6BE,59C13AD345E3D6BE,59C13AD345E3D6BE,80000000800080
15,7,2,randomblk,0x40000238,0x470,0,0x0,BD76C32045EAB46C,BDF6C3A045EAB4EC,BDF6C3A045EAB4EC,BDF6C3A045EAB4EC,BDF6C3A045EAB4EC,80008000000080
15,7,2,randomblk,0x40000240,0x480,0,0x0,C74DDB9AA39E063F,C7CDDB9AA39E06BF,C7CDDB9AA39E06BF,C7CDDB9AA39E06BF,C7CDDB9AA39E06BF,80000000000080
15,7,2,randomblk,0x40000248,0x490,0,0x0,FBE88F32B107A5F3,FBE88FB2B187A5F3,FBE88FB2B187A5F3,FBE88FB2B187A5F3,FBE88FB2B187A5F3,8000800000
15,7,2,randomblk,0x40000250,0x4A0,0,0x0,ABDB2EB00F2C02CF,ABDB2EB00FAC02CF,ABDB2EB00FAC02CF,ABDB2EB00FAC02CF,ABDB2EB00FAC02CF,800000
15,7,2,randomblk,0x40000258,0x4B0,0,0x0,FA44230033B8BD5,FA442B003BB8BD5,FA442B003BB8BD5,FA442B003BB8BD5,FA442B003BB8BD5,8000800000
15,7,2,randomblk,0x40000260,0x4C0,0,0x0,7BA2356C3E38CC55,7BA235EC3EB8CCD5,7BA235EC3EB8CCD5,7BA235EC3EB8CCD5,7BA235EC3EB8CCD5,8000800080
15,7,2,randomblk,0x40000268,0x4D0,0,0x0,9CFA29B322180E0C,9CFA29B322980E8C,9CFA29B322980E8C,9CFA29B322980E8C,9CFA29B322980E8C,800080
15,7,2,randomblk,0x40000270,0x4E0,0,0x0,E04803D6A11263E0,E0C803D6A19263E0,E0C803D6A19263E0,E0C803D6A19263E0,E0C803D6A19263E0,80000000800000
15,7,2,randomblk,0x40000278,0x4F0,0,0x0,E6665A5D5416BFB7,E6E65ADD5496BFB7,E6E65ADD5496BFB7,E6E65ADD5496BFB7,E6E65ADD5496BFB7,80008000800000
15,7,2,randomblk,0x40000280,0x500,0,0x0,42021,800080008420A1,800080008420A1,800080008420A1,800080008420A1,80008000800080
15,7,2,randomblk,0x40000288,0x510,0,0x0,1004080601,80009004880681,80009004880681,80009004880681,80009004880681,80008000800080
15,7,3,movinv8,0x5FFF723E,0x7FEE,2,0xF8,7F,FF,FF,FF,FF,80
15,7,3,movinv8,0x5FFF723C,0x7FEE,2,0xF0,7F,FF,FF,FF,FF,80
15,7,3,movinv8,0x5FFF723A,0x7FEE,2,0xE8,7F,FF,FF,FF,FF,80
15,7,3,movinv8,0x5FFF7238,0x7FEE,2,0xE0,7F,FF,FF,FF,FF,80
15,7,3,movinv8,0x5FFF7236,0x7FEE,2,0xD8,7F,FF,FF,FF,FF,80
15,7,3,movinv8,0x5FFF7234,0x7FEE,2,0xD0,7F,FF,FF,FF,FF,80
15,7,3,movinv8,0x5FFF7232,0x7FEE,2,0xC8,7F,FF,FF,FF,FF,80
15,7,3,movinv8,0x5FFF7230,0x7FEE,2,0xC0,7F,FF,FF,FF,FF,80
15,7,3,movinv8,0x5FFF722E,0x7FEE,2,0xB8,7F,FF,FF,FF,FF,80
15,7,3,movinv8,0x5FFF722C,0x7FEE,2,0xB0,7F,FF,FF,FF,FF,80
15,7,3,movinv8,0x5FFF722A,0x7FEE,2,0xA8,7F,FF,FF,FF,FF,80
15,7,3,movinv8,0x5FFF7228,0x7FEE,2,0xA0,7F,FF,FF,FF,FF,80
15,7,3,movinv8,0x5FFF7226,0x7FEE,2,0x98,7F,FF,FF,FF,FF,80
15,7,3,movinv8,0x5FFF7224,0x7FEE,2,0x90,7F,FF,FF,FF,FF,80
15,7,3,movinv8,0x5FFF7222,0x7FEE,2,0x88,7F,FF,FF,FF,FF,80
15,7,3,movinv8,0x5FFF7220,0x7FEE,2,0x80,7F,FF,FF,FF,FF,80
15,7,3,movinv8,0x5FFF721E,0x7FEE,2,0x78,7F,FF,FF,FF,FF,80
15,7,3,movinv8,0x5FFF721C,0x7FEE,2,0x70,7F,FF,FF,FF,FF,80
15,7,3,movinv8,0x5FFF7218,0x7FEE,2,0x60,7F,FF,FF,FF,FF,80
15,7,3,movinv8,0x5FFF7216,0x7FEE,2,0x58,7F,FF,FF,FF,FF,80
15,7,3,movinv8,0x5FFF7214,0x7FEE,2,0x50,7F,FF,FF,FF,FF,80
15,7,3,movinv8,0x5FFF7212,0x7FEE,2,0x48,7F,FF,FF,FF,FF,80
15,7,3,movinv8,0x5FFF7210,0x7FEE,2,0x40,7F,FF,FF,FF,FF,80
15,7,3,movinv8,0x5FFF720E,0x7FEE,2,0x38,7F,FF,FF,FF,FF,80
15,7,3,movinv8,0x5FFF720C,0x7FEE,2,0x30,7F,FF,FF,FF,FF,80
15,7,3,movinv8,0x5FFF720A,0x7FEE,2,0x28,7F,FF,FF,FF,FF,80
15,7,3,movinv8,0x5FFF7208,0x7FEE,2,0x20,7F,FF,FF,FF,FF,80
15,7,3,movinv8,0x5FFF7206,0x7FEE,2,0x18,7F,FF,FF,FF,FF,80
15,7,3,movinv8,0x5FFF7204,0x7FEE,2,0x10,7F,FF,FF,FF,FF,80
15,7,3,movinv8,0x5FFF7202,0x7FEE,2,0x8,7F,FF,FF,FF,FF,80
15,7,3,movinv8,0x5FFF7200,0x7FEE,2,0x0,7F,FF,FF,FF,FF,80
15,7,3,movinv8,0x5FFF6B7E,0x7FED,3,0x1F8,7F,FF,FF,FF,FF,80
15,7,3,movinv8,0x5FFF6B7C,0x7FED,3,0x1F0,7F,FF,FF,FF,FF,80
15,7,3,movinv8,0x5FFF6B7A,0x7FED,3,0x1E8,7F,FF,FF,FF,FF,80
15,7,3,movinv8,0x5FFF6B78,0x7FED,3,0x1E0,7F,FF,FF,FF,FF,80
15,7,3,movinv8,0x5FFF6B76,0x7FED,3,0x1D8,7F,FF,FF,FF,FF,80
15,7,3,movinv8,0x5FFF6B74,0x7FED,3,0x1D0,7F,FF,FF,FF,FF,80
15,7,3,movinv8,0x5FFF6B72,0x7FED,3,0x1C8,7F,FF,FF,FF,FF,80
15,7,3,movinv8,0x5FFF6B70,0x7FED,3,0x1C0,7F,FF,FF,FF,FF,80
15,7,3,movinv8,0x5FFF6B6E,0x7FED,3,0x1B8,7F,FF,FF,FF,FF,80
15,7,3,movinv8,0x5FFF6B6C,0x7FED,3,0x1B0,7F,FF,FF,FF,FF,80
15,7,3,movinv8,0x5FFF6B6A,0x7FED,3,0x1A8,7F,FF,FF,FF,FF,80
15,7,3,movinv8,0x5FFF6B68,0x7FED,3,0x1A0,7F,FF,FF,FF,FF,80
15,7,3,movinv8,0x5FFF6B66,0x7FED,3,0x198,7F,FF,FF,FF,FF,80
15,7,3,movinv8,0x5FFF6B64,0x7FED,3,0x190,7F,FF,FF,FF,FF,80
15,7,3,movinv8,0x5FFF6B62,0x7FED,3,0x188,7F,FF,FF,FF,FF,80
15,7,3,movinv8,0x5FFF6B60,0x7FED,3,0x180,7F,FF,FF,FF,FF,80
15,7,3,movinv8,0x5FFF6B5E,0x7FED,3,0x178,7F,FF,FF,FF,FF,80
15,7,3,movinv8,0x5FFF6B5C,0x7FED,3,0x170,7F,FF,FF,FF,FF,80
15,7,3,btf,0x5FFFECC0,0x7FFD,4,0x300,FEFE0101FEFE0101,FEFE0181FEFE0181,FEFE0181FEFE0181,FEFE0181FEFE0181,FEFE0181FEFE0181,8000000080
15,7,3,btf,0x5FFFECC8,0x7FFD,4,0x320,FEFE0101FEFE0101,FEFE0181FEFE0181,FEFE0181FEFE0181,FEFE0181FEFE0181,FEFE0181FEFE0181,8000000080
15,7,3,btf,0x5FFFECD0,0x7FFD,4,0x340,FEFE0101FEFE0101,FEFE0181FEFE0181,FEFE0181FEFE0181,FEFE0181FEFE0181,FEFE0181FEFE0181,8000000080
15,7,3,btf,0x5FFFECD8,0x7FFD,4,0x360,FEFE0101FEFE0101,FEFE0181FEFE0181,FEFE0181FEFE0181,FEFE0181FEFE0181,FEFE0181FEFE0181,8000000080
15,7,3,btf,0x5FFFECE0,0x7FFD,4,0x380,FEFE0101FEFE0101,FEFE0181FEFE0181,FEFE0181FEFE0181,FEFE0181FEFE0181,FEFE0181FEFE0181,8000000080
15,7,3,btf,0x5FFFECE8,0x7FFD,4,0x3A0,FEFE0101FEFE0101,FEFE0181FEFE0181,FEFE0181FEFE0181,FEFE0181FEFE0181,FEFE0181FEFE0181,8000000080
15,7,3,btf,0x5FFFECF0,0x7FFD,4,0x3C0,FEFE0101FEFE0101,FEFE0181FEFE0181,FEFE0181FEFE0181,FEFE0181FEFE0181,FEFE0181FEFE0181,8000000080
15,7,3,btf,0x5FFFECF8,0x7FFD,4,0x3E0,FEFE0101FEFE0101,FEFE0181FEFE0181,FEFE0181FEFE0181,FEFE0181FEFE0181,FEFE0181FEFE0181,8000000080
15,7,3,btf,0x5FFFEC40,0x7FFD,4,0x100,FEFE0101FEFE0101,FEFE0181FEFE0181,FEFE0181FEFE0181,FEFE0181FEFE0181,FEFE0181FEFE0181,8000000080
15,7,3,btf,0x5FFFEC48,0x7FFD,4,0x120,FEFE0101FEFE0101,FEFE0181FEFE0181,FEFE0181FEFE0181,FEFE0181FEFE0181,FEFE0181FEFE0181,8000000080
15,7,3,btf,0x5FFFEC50,0x7FFD,4,0x140,FEFE0101FEFE0101,FEFE0181FEFE0181,FEFE0181FEFE0181,FEFE0181FEFE0181,FEFE0181FEFE0181,8000000080
15,7,3,btf,0x5FFFEC58,0x7FFD,4,0x160,FEFE0101FEFE0101,FEFE0181FEFE0181,FEFE0181FEFE0181,FEFE0181FEFE0181,FEFE0181FEFE0181,8000000080
15,7,3,btf,0x5FFFEC60,0x7FFD,4,0x180,FEFE0101FEFE0101,FEFE0181FEFE0181,FEFE0181FEFE0181,FEFE0181FEFE0181,FEFE0181FEFE0181,8000000080
15,7,3,btf,0x5FFFEC68,0x7FFD,4,0x1A0,FEFE0101FEFE0101,FEFE0181FEFE0181,FEFE0181FEFE0181,FEFE0181FEFE0181,FEFE0181FEFE0181,8000000080
15,7,3,btf,0x5FFFEC70,0x7FFD,4,0x1C0,FEFE0101FEFE0101,FEFE0181FEFE0181,FEFE0181FEFE0181,FEFE0181FEFE0181,FEFE0181FEFE0181,8000000080
15,7,3,btf,0x5FFFEC78,0x7FFD,4,0x1E0,FEFE0101FEFE0101,FEFE0181FEFE0181,FEFE0181FEFE0181,FEFE0181FEFE0181,FEFE0181FEFE0181,8000000080
15,7,3,btf,0x5FFFEC00,0x7FFD,4,0x0,FEFE0101FEFE0101,FEFE0181FEFE0181,FEFE0181FEFE0181,FEFE0181FEFE0181,FEFE0181FEFE0181,8000000080
15,7,3,btf,0x5FFFEC08,0x7FFD,4,0x20,FEFE0101FEFE0101,FEFE0181FEFE0181,FEFE0181FEFE0181,FEFE0181FEFE0181,FEFE0181FEFE0181,8000000080
15,7,3,btf,0x5FFFEC10,0x7FFD,4,0x40,FEFE0101FEFE0101,FEFE0181FEFE0181,FEFE0181FEFE0181,FEFE0181FEFE0181,FEFE0181FEFE0181,8000000080
15,7,3,btf,0x5FFFEC18,0x7FFD,4,0x60,FEFE0101FEFE0101,FEFE0181FEFE0181,FEFE0181FEFE0181,FEFE0181FEFE0181,FEFE0181FEFE0181,8000000080
15,7,3,btf,0x5FFFEC20,0x7FFD,4,0x80,FEFE0101FEFE0101,FEFE0181FEFE0181,FEFE0181FEFE0181,FEFE0181FEFE0181,FEFE0181FEFE0181,8000000080
15,7,3,btf,0x5FFFEC28,0x7FFD,4,0xA0,FEFE0101FEFE0101,FEFE0181FEFE0181,FEFE0181FEFE0181,FEFE0181FEFE0181,FEFE0181FEFE0181,8000000080
15,7,3,btf,0x5FFFEC30,0x7FFD,4,0xC0,FEFE0101FEFE0101,FEFE0181FEFE0181,FEFE0181FEFE0181,FEFE0181FEFE0181,FEFE0181FEFE0181,8000000080
15,7,3,btf,0x5FFFEC38,0x7FFD,4,0xE0,FEFE0101FEFE0101,FEFE0181FEFE0181,FEFE0181FEFE0181,FEFE0181FEFE0181,FEFE0181FEFE0181,8000000080
15,7,3,btf,0x5FFFEBC0,0x7FFD,3,0x300,FEFE0101FEFE0101,FEFE0181FEFE0181,FEFE0181FEFE0181,FEFE0181FEFE0181,FEFE0181FEFE0181,8000000080
15,7,3,btf,0x5FFFEBC8,0x7FFD,3,0x320,FEFE0101FEFE0101,FEFE0181FEFE0181,FEFE0181FEFE0181,FEFE0181FEFE0181,FEFE0181FEFE0181,8000000080
15,7,3,btf,0x5FFFEBD0,0x7FFD,3,0x340,FEFE0101FEFE0101,FEFE0181FEFE0181,FEFE0181FEFE0181,FEFE0181FEFE0181,FEFE0181FEFE0181,8000000080
15,7,3,btf,0x5FFFEBD8,0x7FFD,3,0x360,FEFE0101FEFE0101,FEFE0181FEFE0181,FEFE0181FEFE0181,FEFE0181FEFE0181,FEFE0181FEFE0181,8000000080
15,7,3,btf,0x5FFFEBE0,0x7FFD,3,0x380,FEFE0101FEFE0101,FEFE0181FEFE0181,FEFE0181FEFE0181,FEFE0181FEFE0181,FEFE0181FEFE0181,8000000080
15,7,3,btf,0x5FFFEBE8,0x7FFD,3,0x3A0,FEFE0101FEFE0101,FEFE0181FEFE0181,FEFE0181FEFE0181,FEFE0181FEFE0181,FEFE0181FEFE0181,8000000080
15,7,3,btf,0x5FFFEBF0,0x7FFD,3,0x3C0,FEFE0101FEFE0101,FEFE0181FEFE0181,FEFE0181FEFE0181,FEFE0181FEFE0181,FEFE0181FEFE0181,8000000080
15,7,3,btf,0x5FFFEB80,0x7FFD,3,0x200,FEFE0101FEFE0101,FEFE0181FEFE0181,FEFE0181FEFE0181,FEFE0181FEFE0181,FEFE0181FEFE0181,8000000080
15,7,3,btf,0x5FFFEB88,0x7FFD,3,0x220,FEFE0101FEFE0101,FEFE0181FEFE0181,FEFE0181FEFE0181,FEFE0181FEFE0181,FEFE0181FEFE0181,8000000080
15,7,3,btf,0x5FFFEB90,0x7FFD,3,0x240,FEFE0101FEFE0101,FEFE0181FEFE0181,FEFE0181FEFE0181,FEFE0181FEFE0181,FEFE0181FEFE0181,8000000080
15,7,3,btf,0x5FFFEB98,0x7FFD,3,0x260,FEFE0101FEFE0101,FEFE0181FEFE0181,FEFE0181FEFE0181,FEFE0181FEFE0181,FEFE0181FEFE0181,8000000080
15,7,3,btf,0x5FFFEBA0,0x7FFD,3,0x280,FEFE0101FEFE0101,FEFE0181FEFE0181,FEFE0181FEFE0181,FEFE0181FEFE0181,FEFE0181FEFE0181,8000000080
15,7,3,btf,0x5FFFEBA8,0x7FFD,3,0x2A0,FEFE0101FEFE0101,FEFE0181FEFE0181,FEFE0181FEFE0181,FEFE0181FEFE0181,FEFE0181FEFE0181,8000000080
15,7,3,btf,0x5FFFEBB0,0x7FFD,3,0x2C0,FEFE0101FEFE0101,FEFE0181FEFE0181,FEFE0181FEFE0181,FEFE0181FEFE0181,FEFE0181FEFE0181,8000000080
15,7,3,btf,0x5FFFEBB8,0x7FFD,3,0x2E0,FEFE0101FEFE0101,FEFE0181FEFE0181,FEFE0181FEFE0181,FEFE0181FEFE0181,FEFE0181FEFE0181,8000000080
15,7,3,btf,0x5FFFEB40,0x7FFD,3,0x100,FEFE0101FEFE0101,FEFE0181FEFE0181,FEFE0181FEFE0181,FEFE0181FEFE0181,FEFE0181FEFE0181,8000000080
15,7,3,btf,0x5FFFEB48,0x7FFD,3,0x120,FEFE0101FEFE0101,FEFE0181FEFE0181,FEFE0181FEFE0181,FEFE0181FEFE0181,FEFE0181FEFE0181,8000000080
15,7,3,btf,0x5FFFEB50,0x7FFD,3,0x140,FEFE0101FEFE0101,FEFE0181FEFE0181,FEFE0181FEFE0181,FEFE0181FEFE0181,FEFE0181FEFE0181,8000000080
15,7,3,btf,0x5FFFEB58,0x7FFD,3,0x160,FEFE0101FEFE0101,FEFE0181FEFE0181,FEFE0181FEFE0181,FEFE0181FEFE0181,FEFE0181FEFE0181,8000000080
15,7,3,btf,0x5FFFEB60,0x7FFD,3,0x180,FEFE0101FEFE0101,FEFE0181FEFE0181,FEFE0181FEFE0181,FEFE0181FEFE0181,FEFE0181FEFE0181,8000000080
15,7,3,btf,0x5FFFEB68,0x7FFD,3,0x1A0,FEFE0101FEFE0101,FEFE0181FEFE0181,FEFE0181FEFE0181,FEFE0181FEFE0181,FEFE0181FEFE0181,8000000080
15,7,3,btf,0x5FFFEB70,0x7FFD,3,0x1C0,FEFE0101FEFE0101,FEFE0181FEFE0181,FEFE0181FEFE0181,FEFE0181FEFE0181,FEFE0181FEFE0181,8000000080
15,7,3,btf,0x5FFFEB78,0x7FFD,3,0x1E0,FEFE0101FEFE0101,FEFE0181FEFE0181,FEFE0181FEFE0181,FEFE0181FEFE0181,FEFE0181FEFE0181,8000000080
15,7,3,btf,0x5FFFEB00,0x7FFD,3,0x0,FEFE0101FEFE0101,FEFE0181FEFE0181,FEFE0181FEFE0181,FEFE0181FEFE0181,FEFE0181FEFE0181,8000000080
15,7,3,btf,0x5FFFEB08,0x7FFD,3,0x20,FEFE0101FEFE0101,FEFE0181FEFE0181,FEFE0181FEFE0181,FEFE0181FEFE0181,FEFE0181FEFE0181,8000000080
15,7,3,isi,0x40000100,0x200,0,0x0,7F,FF,FF,FF,FF,80
15,7,3,isi,0x40000102,0x204,0,0x0,7F,FF,FF,FF,FF,80
15,7,3,isi,0x40000104,0x208,0,0x0,7F,FF,FF,FF,FF,80
15,7,3,isi,0x40000106,0x20C,0,0x0,7F,FF,FF,FF,FF,80
15,7,3,isi,0x40000108,0x210,0,0x0,7F,FF,FF,FF,FF,80
15,7,3,isi,0x4000010A,0x214,0,0x0,7F,FF,FF,FF,FF,80
15,7,3,isi,0x4000010C,0x218,0,0x0,7F,FF,FF,FF,FF,80
15,7,3,isi,0x4000010E,0x21C,0,0x0,7F,FF,FF,FF,FF,80
15,7,3,isi,0x40000110,0x220,0,0x0,7F,FF,FF,FF,FF,80
15,7,3,isi,0x40000112,0x224,0,0x0,7F,FF,FF,FF,FF,80
15,7,3,isi,0x40000114,0x228,0,0x0,7F,FF,FF,FF,FF,80
15,7,3,isi,0x40000116,0x22C,0,0x0,7F,FF,FF,FF,FF,80
15,7,3,isi,0x40000118,0x230,0,0x0,7F,FF,FF,FF,FF,80
15,7,3,isi,0x4000011A,0x234,0,0x0,7F,FF,FF,FF,FF,80
15,7,3,isi,0x4000011C,0x238,0,0x0,7F,FF,FF,FF,FF,80
15,7,3,isi,0x4000011E,0x23C,0,0x0,7F,FF,FF,FF,FF,80
15,7,3,isi,0x40000120,0x240,0,0x0,7F,FF,FF,FF,FF,80
15,7,3,isi,0x40000122,0x244,0,0x0,7F,FF,FF,FF,FF,80
15,7,3,isi,0x40000124,0x248,0,0x0,7F,FF,FF,FF,FF,80
15,7,3,isi,0x40000126,0x24C,0,0x0,7F,FF,FF,FF,FF,80
15,7,3,isi,0x40000128,0x250,0,0x0,7F,FF,FF,FF,FF,80
15,7,3,isi,0x4000012A,0x254,0,0x0,7F,FF,FF,FF,FF,80
15,7,3,isi,0x4000012C,0x258,0,0x0,7F,FF,FF,FF,FF,80
15,7,3,isi,0x4000012E,0x25C,0,0x0,7F,FF,FF,FF,FF,80
15,7,3,isi,0x40000130,0x260,0,0x0,7F,FF,FF,FF,FF,80
15,7,3,isi,0x40000132,0x264,0,0x0,7F,FF,FF,FF,FF,80
15,7,3,isi,0x40000134,0x268,0,0x0,7F,FF,FF,FF,FF,80
15,7,3,isi,0x40000136,0x26C,0,0x0,7F,FF,FF,FF,FF,80
15,7,3,isi,0x40000138,0x270,0,0x0,7F,FF,FF,FF,FF,80
15,7,3,isi,0x4000013A,0x274,0,0x0,7F,FF,FF,FF,FF,80
15,7,3,isi,0x4000013C,0x278,0,0x0,7F,FF,FF,FF,FF,80
15,7,3,isi,0x4000013E,0x27C,0,0x0,7F,FF,FF,FF,FF,80
15,7,3,isi,0x40000140,0x280,0,0x0,7F,FF,FF,FF,FF,80
15,7,3,isi,0x40000142,0x284,0,0x0,7F,FF,FF,FF,FF,80
15,7,3,isi,0x40000144,0x288,0,0x0,7F,FF,FF,FF,FF,80
15,7,3,isi,0x40000146,0x28C,0,0x0,7F,FF,FF,FF,FF,80
15,7,3,isi,0x40000148,0x290,0,0x0,7F,FF,FF,FF,FF,80
15,7,3,isi,0x4000014C,0x298,0,0x0,7F,FF,FF,FF,FF,80
15,7,3,isi,0x4000014E,0x29C,0,0x0,7F,FF,FF,FF,FF,80
15,7,3,isi,0x40000150,0x2A0,0,0x0,7F,FF,FF,FF,FF,80
15,7,3,isi,0x40000152,0x2A4,0,0x0,7F,FF,FF,FF,FF,80
15,7,3,isi,0x40000154,0x2A8,0,0x0,7F,FF,FF,FF,FF,80
15,7,3,isi,0x40000156,0x2AC,0,0x0,7F,FF,FF,FF,FF,80
15,7,3,isi,0x40000158,0x2B0,0,0x0,7F,FF,FF,FF,FF,80
15,7,3,isi,0x4000015A,0x2B4,0,0x0,7F,FF,FF,FF,FF,80
15,7,3,isi,0x4000015C,0x2B8,0,0x0,7F,FF,FF,FF,FF,80
15,7,3,isi,0x4000015E,0x2BC,0,0x0,7F,FF,FF,FF,FF,80
15,7,3,isi,0x40000160,0x2C0,0,0x0,7F,FF,FF,FF,FF,80
15,7,3,isi,0x40000162,0x2C4,0,0x0,7F,FF,FF,FF,FF,80
15,7,3,linear,0x40002F00,0x5E00,0,0x0,0,80008000800080,80008000800080,80008000800080,80008000800080,80008000800080
15,7,3,linear,0x40002F10,0x5E20,0,0x0,0,80008000800080,80008000800080,80008000800080,80008000800080,80008000800080
15,7,3,linear,0x40002F20,0x5E40,0,0x0,0,80008000800080,80008000800080,80008000800080,80008000800080,80008000800080
15,7,3,linear,0x40002F30,0x5E60,0,0x0,0,80008000800080,80008000800080,80008000800080,80008000800080,80008000800080
15,7,3,linear,0x40002F40,0x5E80,0,0x0,0,80008000800080,80008000800080,80008000800080,80008000800080,80008000800080
15,7,3,linear,0x40002F50,0x5EA0,0,0x0,0,80008000800080,80008000800080,80008000800080,80008000800080,80008000800080
15,7,3,linear,0x40002F60,0x5EC0,0,0x0,0,80008000800080,80008000800080,80008000800080,80008000800080,80008000800080
15,7,3,linear,0x40002F70,0x5EE0,0,0x0,0,80008000800080,80008000800080,80008000800080,80008000800080,80008000800080
15,7,3,linear,0x40002F80,0x5F00,0,0x0,0,80008000800080,80008000800080,80008000800080,80008000800080,80008000800080
15,7,3,linear,0x40002F90,0x5F20,0,0x0,0,80008000800080,80008000800080,80008000800080,80008000800080,80008000800080
15,7,3,linear,0x40002FA0,0x5F40,0,0x0,0,80008000800080,80008000800080,80008000800080,80008000800080,80008000800080
15,7,3,linear,0x40002FB0,0x5F60,0,0x0,0,80008000800080,80008000800080,80008000800080,80008000800080,80008000800080
15,7,3,linear,0x40002FC0,0x5F80,0,0x0,0,80008000800080,80008000800080,80008000800080,80008000800080,80008000800080
15,7,3,linear,0x40002FD0,0x5FA0,0,0x0,0,80008000800080,80008000800080,80008000800080,80008000800080,80008000800080
15,7,3,linear,0x40002FE0,0x5FC0,0,0x0,0,80008000800080,80008000800080,80008000800080,80008000800080,80008000800080
15,7,3,linear,0x40002FF0,0x5FE0,0,0x0,0,80008000800080,80008000800080,80008000800080,80008000800080,80008000800080
15,7,3,linear,0x40003100,0x6200,0,0x0,0,80008000800080,80008000800080,80008000800080,80008000800080,80008000800080
15,7,3,linear,0x40003110,0x6220,0,0x0,0,80008000800080,80008000800080,80008000800080,80008000800080,80008000800080
15,7,3,linear,0x40003120,0x6240,0,0x0,0,80008000800080,80008000800080,80008000800080,80008000800080,80008000800080
15,7,3,linear,0x40003130,0x6260,0,0x0,0,80008000800080,80008000800080,80008000800080,80008000800080,80008000800080
15,7,3,linear,0x40003140,0x6280,0,0x0,0,80008000800080,80008000800080,80008000800080,80008000800080,80008000800080
15,7,3,linear,0x40003150,0x62A0,0,0x0,0,80008000800080,80008000800080,80008000800080,80008000800080,80008000800080
15,7,3,linear,0x40003160,0x62C0,0,0x0,0,80008000800080,80008000800080,80008000800080,80008000800080,80008000800080
15,7,3,linear,0x40003170,0x62E0,0,0x0,0,80008000800080,80008000800080,80008000800080,80008000800080,80008000800080
15,7,3,linear,0x40003180,0x6300,0,0x0,0,80008000800080,80008000800080,80008000800080,80008000800080,80008000800080
15,7,3,linear,0x40003190,0x6320,0,0x0,0,80008000800080,80008000800080,80008000800080,80008000800080,80008000800080
15,7,3,linear,0x400031A0,0x6340,0,0x0,0,80008000800080,80008000800080,80008000800080,80008000800080,80008000800080
15,7,3,linear,0x400031B0,0x6360,0,0x0,0,80008000800080,80008000800080,80008000800080,80008000800080,80008000800080
15,7,3,linear,0x400031C0,0x6380,0,0x0,0,80008000800080,80008000800080,80008000800080,80008000800080,80008000800080
15,7,3,linear,0x400031D0,0x63A0,0,0x0,0,80008000800080,80008000800080,80008000800080,80008000800080,80008000800080
15,7,3,linear,0x400031E0,0x63C0,0,0x0,0,80008000800080,80008000800080,80008000800080,80008000800080,80008000800080
15,7,3,linear,0x400031F0,0x63E0,0,0x0,0,80008000800080,80008000800080,80008000800080,80008000800080,80008000800080
15,7,3,linear,0x40003200,0x6400,0,0x0,0,80008000800080,80008000800080,80008000800080,80008000800080,80008000800080
15,7,3,linear,0x40003210,0x6420,0,0x0,0,80008000800080,80008000800080,80008000800080,80008000800080,80008000800080
15,7,3,linear,0x40003220,0x6440,0,0x0,0,80008000800080,80008000800080,80008000800080,80008000800080,80008000800080
15,7,3,linear,0x40003230,0x6460,0,0x0,0,80008000800080,80008000800080,80008000800080,80008000800080,80008000800080
15,7,3,linear,0x40003240,0x6480,0,0x0,0,80008000800080,80008000800080,80008000800080,80008000800080,80008000800080
15,7,3,linear,0x40003250,0x64A0,0,0x0,0,80008000800080,80008000800080,80008000800080,80008000800080,80008000800080
15,7,3,linear,0x40003260,0x64C0,0,0x0,0,80008000800080,80008000800080,80008000800080,80008000800080,80008000800080
15,7,3,linear,0x40003270,0x64E0,0,0x0,0,80008000800080,80008000800080,80008000800080,80008000800080,80008000800080
15,7,3,linear,0x40003280,0x6500,0,0x0,0,80008000800080,80008000800080,80008000800080,80008000800080,80008000800080
15,7,3,linear,0x40003290,0x6520,0,0x0,0,80008000800080,80008000800080,80008000800080,80008000800080,80008000800080
15,7,3,linear,0x400032A0,0x6540,0,0x0,0,80008000800080,80008000800080,80008000800080,80008000800080,80008000800080
15,7,3,linear,0x400032B0,0x6560,0,0x0,0,80008000800080,80008000800080,80008000800080,80008000800080,80008000800080
15,7,3,linear,0x400032C0,0x6580,0,0x0,0,80008000800080,80008000800080,80008000800080,80008000800080,80008000800080
15,7,3,linear,0x400032D0,0x65A0,0,0x0,0,80008000800080,80008000800080,80008000800080,80008000800080,80008000800080
15,7,3,linear,0x400032E0,0x65C0,0,0x0,0,80008000800080,80008000800080,80008000800080,80008000800080,80008000800080
15,7,3,linear,0x400032F0,0x65E0,0,0x0,0,80008000800080,80008000800080,80008000800080,80008000800080,80008000800080
15,7,3,linear,0x40003500,0x6A00,0,0x0,0,80008000800080,80008000800080,80008000800080,80008000800080,80008000800080
15,7,3,linear,0x40003510,0x6A20,0,0x0,0,80008000800080,80008000800080,80008000800080,80008000800080,80008000800080
15,7,3,victim,0x40000100,0x200,0,0x0,1FFFFFFFE,800081FFFFFFFE,800081FFFFFFFE,800081FFFFFFFE,800081FFFFFFFE,80008000000000
15,7,3,victim,0x40000108,0x210,0,0x0,1FFFFFFFE,800081FFFFFFFE,800081FFFFFFFE,800081FFFFFFFE,800081FFFFFFFE,80008000000000
15,7,3,victim,0x40000180,0x300,0,0x0,1FFFFFFFE,800081FFFFFFFE,800081FFFFFFFE,800081FFFFFFFE,800081FFFFFFFE,80008000000000
15,7,3,victim,0x40000188,0x310,0,0x0,1FFFFFFFE,800081FFFFFFFE,800081FFFFFFFE,800081FFFFFFFE,800081FFFFFFFE,80008000000000
15,7,3,victim,0x40000200,0x400,0,0x0,1FFFFFFFE,800081FFFFFFFE,800081FFFFFFFE,800081FFFFFFFE,800081FFFFFFFE,80008000000000
15,7,3,victim,0x40000208,0x410,0,0x0,1FFFFFFFE,800081FFFFFFFE,800081FFFFFFFE,800081FFFFFFFE,800081FFFFFFFE,80008000000000
15,7,3,victim,0x40000280,0x500,0,0x0,1FFFFFFFE,800081FFFFFFFE,800081FFFFFFFE,800081FFFFFFFE,800081FFFFFFFE,80008000000000
15,7,3,victim,0x40000288,0x510,0,0x0,1FFFFFFFE,800081FFFFFFFE,800081FFFFFFFE,800081FFFFFFFE,800081FFFFFFFE,80008000000000
15,7,3,victim,0x40000500,0xA00,0,0x0,1FFFFFFFE,800081FFFFFFFE,800081FFFFFFFE,800081FFFFFFFE,800081FFFFFFFE,80008000000000
15,7,3,victim,0x40000508,0xA10,0,0x0,1FFFFFFFE,800081FFFFFFFE,800081FFFFFFFE,800081FFFFFFFE,800081FFFFFFFE,80008000000000
15,7,3,victim,0x40000580,0xB00,0,0x0,1FFFFFFFE,800081FFFFFFFE,800081FFFFFFFE,800081FFFFFFFE,800081FFFFFFFE,80008000000000
15,7,3,victim,0x40000588,0xB10,0,0x0,1FFFFFFFE,800081FFFFFFFE,800081FFFFFFFE,800081FFFFFFFE,800081FFFFFFFE,80008000000000
15,7,3,victim,0x40000600,0xC00,0,0x0,1FFFFFFFE,800081FFFFFFFE,800081FFFFFFFE,800081FFFFFFFE,800081FFFFFFFE,80008000000000
15,7,3,victim,0x40000608,0xC10,0,0x0,1FFFFFFFE,800081FFFFFFFE,800081FFFFFFFE,800081FFFFFFFE,800081FFFFFFFE,80008000000000
15,7,3,victim,0x40000680,0xD00,0,0x0,1FFFFFFFE,800081FFFFFFFE,800081FFFFFFFE,800081FFFFFFFE,800081FFFFFFFE,80008000000000
15,7,3,victim,0x40000688,0xD10,0,0x0,1FFFFFFFE,800081FFFFFFFE,800081FFFFFFFE,800081FFFFFFFE,800081FFFFFFFE,80008000000000
15,7,3,victim,0x40000800,0x1000,0,0x0,1FFFFFFFE,800081FFFFFFFE,800081FFFFFFFE,800081FFFFFFFE,800081FFFFFFFE,80008000000000
15,7,3,victim,0x40000808,0x1010,0,0x0,1FFFFFFFE,800081FFFFFFFE,800081FFFFFFFE,800081FFFFFFFE,800081FFFFFFFE,80008000000000
15,7,3,victim,0x40000880,0x1100,0,0x0,1FFFFFFFE,800081FFFFFFFE,800081FFFFFFFE,800081FFFFFFFE,800081FFFFFFFE,80008000000000
15,7,3,victim,0x40000888,0x1110,0,0x0,1FFFFFFFE,800081FFFFFFFE,800081FFFFFFFE,800081FFFFFFFE,800081FFFFFFFE,80008000000000
15,7,3,victim,0x40000B00,0x1600,0,0x0,1FFFFFFFE,800081FFFFFFFE,800081FFFFFFFE,800081FFFFFFFE,800081FFFFFFFE,80008000000000
15,7,3,victim,0x40000B80,0x1700,0,0x0,1FFFFFFFE,800081FFFFFFFE,800081FFFFFFFE,800081FFFFFFFE,800081FFFFFFFE,80008000000000
15,7,3,victim,0x40000B88,0x1710,0,0x0,1FFFFFFFE,800081FFFFFFFE,800081FFFFFFFE,800081FFFFFFFE,800081FFFFFFFE,80008000000000
15,7,3,victim,0x40000C00,0x1800,0,0x0,1FFFFFFFE,800081FFFFFFFE,800081FFFFFFFE,800081FFFFFFFE,800081FFFFFFFE,80008000000000
15,7,3,victim,0x40000C08,0x1810,0,0x0,1FFFFFFFE,800081FFFFFFFE,800081FFFFFFFE,800081FFFFFFFE,800081FFFFFFFE,80008000000000
15,7,3,victim,0x40000C80,0x1900,0,0x0,1FFFFFFFE,800081FFFFFFFE,800081FFFFFFFE,800081FFFFFFFE,800081FFFFFFFE,80008000000000
15,7,3,victim,0x40000C88,0x1910,0,0x0,1FFFFFFFE,800081FFFFFFFE,800081FFFFFFFE,800081FFFFFFFE,800081FFFFFFFE,80008000000000
15,7,3,victim,0x40000F00,0x1E00,0,0x0,1FFFFFFFE,800081FFFFFFFE,800081FFFFFFFE,800081FFFFFFFE,800081FFFFFFFE,80008000000000
15,7,3,victim,0x40000F08,0x1E10,0,0x0,1FFFFFFFE,800081FFFFFFFE,800081FFFFFFFE,800081FFFFFFFE,800081FFFFFFFE,80008000000000
15,7,3,victim,0x40000F80,0x1F00,0,0x0,1FFFFFFFE,800081FFFFFFFE,800081FFFFFFFE,800081FFFFFFFE,800081FFFFFFFE,80008000000000
15,7,3,victim,0x40000F88,0x1F10,0,0x0,1FFFFFFFE,800081FFFFFFFE,800081FFFFFFFE,800081FFFFFFFE,800081FFFFFFFE,80008000000000
15,7,3,victim,0x40001100,0x2200,0,0x0,1FFFFFFFE,800081FFFFFFFE,800081FFFFFFFE,800081FFFFFFFE,800081FFFFFFFE,80008000000000
15,7,3,victim,0x40001108,0x2210,0,0x0,1FFFFFFFE,800081FFFFFFFE,800081FFFFFFFE,800081FFFFFFFE,800081FFFFFFFE,80008000000000
15,7,3,victim,0x40001180,0x2300,0,0x0,1FFFFFFFE,800081FFFFFFFE,800081FFFFFFFE,800081FFFFFFFE,800081FFFFFFFE,80008000000000
15,7,3,victim,0x40001188,0x2310,0,0x0,1FFFFFFFE,800081FFFFFFFE,800081FFFFFFFE,800081FFFFFFFE,800081FFFFFFFE,80008000000000
15,7,3,victim,0x40001200,0x2400,0,0x0,1FFFFFFFE,800081FFFFFFFE,800081FFFFFFFE,800081FFFFFFFE,800081FFFFFFFE,80008000000000
15,7,3,victim,0x40001208,0x2410,0,0x0,1FFFFFFFE,800081FFFFFFFE,800081FFFFFFFE,800081FFFFFFFE,800081FFFFFFFE,80008000000000
15,7,3,victim,0x40001280,0x2500,0,0x0,1FFFFFFFE,800081FFFFFFFE,800081FFFFFFFE,800081FFFFFFFE,800081FFFFFFFE,80008000000000
15,7,3,victim,0x40001288,0x2510,0,0x0,1FFFFFFFE,800081FFFFFFFE,800081FFFFFFFE,800081FFFFFFFE,800081FFFFFFFE,80008000000000
15,7,3,victim,0x40001500,0x2A00,0,0x0,1FFFFFFFE,800081FFFFFFFE,800081FFFFFFFE,800081FFFFFFFE,800081FFFFFFFE,80008000000000
15,7,3,victim,0x40001508,0x2A10,0,0x0,1FFFFFFFE,800081FFFFFFFE,800081FFFFFFFE,800081FFFFFFFE,800081FFFFFFFE,80008000000000
15,7,3,victim,0x40001580,0x2B00,0,0x0,1FFFFFFFE,800081FFFFFFFE,800081FFFFFFFE,800081FFFFFFFE,800081FFFFFFFE,80008000000000
15,7,3,victim,0x40001588,0x2B10,0,0x0,1FFFFFFFE,800081FFFFFFFE,800081FFFFFFFE,800081FFFFFFFE,800081FFFFFFFE,80008000000000
15,7,3,victim,0x40001600,0x2C00,0,0x0,1FFFFFFFE,800081FFFFFFFE,800081FFFFFFFE,800081FFFFFFFE,800081FFFFFFFE,80008000000000
15,7,3,victim,0x40001608,0x2C10,0,0x0,1FFFFFFFE,800081FFFFFFFE,800081FFFFFFFE,800081FFFFFFFE,800081FFFFFFFE,80008000000000
15,7,3,victim,0x40001680,0x2D00,0,0x0,1FFFFFFFE,800081FFFFFFFE,800081FFFFFFFE,800081FFFFFFFE,800081FFFFFFFE,80008000000000
15,7,3,victim,0x40001688,0x2D10,0,0x0,1FFFFFFFE,800081FFFFFFFE,800081FFFFFFFE,800081FFFFFFFE,800081FFFFFFFE,80008000000000
15,7,3,victim,0x40001800,0x3000,0,0x0,1FFFFFFFE,800081FFFFFFFE,800081FFFFFFFE,800081FFFFFFFE,800081FFFFFFFE,80008000000000
15,7,3,victim,0x40001808,0x3010,0,0x0,1FFFFFFFE,800081FFFFFFFE,800081FFFFFFFE,800081FFFFFFFE,800081FFFFFFFE,80008000000000
15,7,3,randomblk,0x40000100,0x200,0,0x0,42021,800080008420A1,800080008420A1,800080008420A1,800080008420A1,80008000800080
15,7,3,randomblk,0x40000108,0x210,0,0x0,1004080601,80009004880681,80009004880681,80009004880681,80009004880681,80008000800080
15,7,3,randomblk,0x40000110,0x220,0,0x0,421290949428C5,C21290949428C5,C21290949428C5,C21290949428C5,C21290949428C5,80000000000000
15,7,3,randomblk,0x40000118,0x230,0,0x0,140048203D8063,9400C820BD80E3,9400C820BD80E3,9400C820BD80E3,9400C820BD80E3,80008000800080
15,7,3,randomblk,0x40000120,0x240,0,0x0,83B5CC6350D3271B,83B5CCE350D3279B,83B5CCE350D3279B,83B5CCE350D3279B,83B5CCE350D3279B,8000000080
15,7,3,randomblk,0x40000128,0x250,0,0x0,7D0ED7D906977D63,7D8ED7D906977DE3,7D8ED7D906977DE3,7D8ED7D906977DE3,7D8ED7D906977DE3,80000000000080
15,7,3,randomblk,0x40000130,0x260,0,0x0,59413AD34563D63E,59C13AD345E3D6BE,59C13AD345E3D6BE,59C13AD345E3D6BE,59C13AD345E3D6BE,80000000800080
15,7,3,randomblk,0x40000138,0x270,0,0x0,BD76C32045EAB46C,BDF6C3A045EAB4EC,BDF6C3A045EAB4EC,BDF6C3A045EAB4EC,BDF6C3A045EAB4EC,80008000000080
15,7,3,randomblk,0x40000140,0x280,0,0x0,C74DDB9AA39E063F,C7CDDB9AA39E06BF,C7CDDB9AA39E06BF,C7CDDB9AA39E06BF,C7CDDB9AA39E06BF,80000000000080
15,7,3,randomblk,0x40000148,0x290,0,0x0,FBE88F32B107A5F3,FBE88FB2B187A5F3,FBE88FB2B187A5F3,FBE88FB2B187A5F3,FBE88FB2B187A5F3,8000800000
15,7,3,randomblk,0x40000150,0x2A0,0,0x0,ABDB2EB00F2C02CF,ABDB2EB00FAC02CF,ABDB2EB00FAC02CF,ABDB2EB00FAC02CF,ABDB2EB00FAC02CF,800000
15,7,3,randomblk,0x40000158,0x2B0,0,0x0,FA44230033B8BD5,FA442B003BB8BD5,FA442B003BB8BD5,FA442B003BB8BD5,FA442B003BB8BD5,8000800000
15,7,3,randomblk,0x40000160,0x2C0,0,0x0,7BA2356C3E38CC55,7BA235EC3EB8CCD5,7BA235EC3EB8CCD5,7BA235EC3EB8CCD5,7BA235EC3EB8CCD5,8000800080
15,7,3,randomblk,0x40000168,0x2D0,0,0x0,9CFA29B322180E0C,9CFA29B322980E8C,9CFA29B322980E8C,9CFA29B322980E8C,9CFA29B322980E8C,800080
15,7,3,randomblk,0x40000170,0x2E0,0,0x0,E04803D6A11263E0,E0C803D6A19263E0,E0C803D6A19263E0,E0C803D6A19263E0,E0C803D6A19263E0,80000000800000
15,7,3,randomblk,0x40000178,0x2F0,0,0x0,E6665A5D5416BFB7,E6E65ADD5496BFB7,E6E65ADD5496BFB7,E6E65ADD5496BFB7,E6E65ADD5496BFB7,80008000800000
15,7,3,randomblk,0x40000180,0x300,0,0x0,42021,800080008420A1,800080008420A1,800080008420A1,800080008420A1,80008000800080
15,7,3,randomblk,0x40000188,0x310,0,0x0,1004080601,80009004880681,80009004880681,80009004880681,80009004880681,80008000800080
15,7,3,randomblk,0x40000190,0x320,0,0x0,421290949428C5,C21290949428C5,C21290949428C5,C21290949428C5,C21290949428C5,80000000000000
15,7,3,randomblk,0x40000198,0x330,0,0x0,140048203D8063,9400C820BD80E3,9400C820BD80E3,9400C820BD80E3,9400C820BD80E3,80008000800080
15,7,3,randomblk,0x400001A0,0x340,0,0x0,83B5CC6350D3271B,83B5CCE350D3279B,83B5CCE350D3279B,83B5CCE350D3279B,83B5CCE350D3279B,8000000080
15,7,3,randomblk,0x400001A8,0x350,0,0x0,7D0ED7D906977D63,7D8ED7D906977DE3,7D8ED7D906977DE3,7D8ED7D906977DE3,7D8ED7D906977DE3,80000000000080
15,7,3,randomblk,0x400001B0,0x360,0,0x0,59413AD34563D63E,59C13AD345E3D6BE,59C13AD345E3D6BE,59C13AD345E3D6BE,59C13AD345E3D6BE,80000000800080
15,7,3,randomblk,0x400001B8,0x370,0,0x0,BD76C32045EAB46C,BDF6C3A045EAB4EC,BDF6C3A045EAB4EC,BDF6C3A045EAB4EC,BDF6C3A045EAB4EC,80008000000080
15,7,3,randomblk,0x400001C0,0x380,0,0x0,C74DDB9AA39E063F,C7CDDB9AA39E06BF,C7CDDB9AA39E06BF,C7CDDB9AA39E06BF,C7CDDB9AA39E06BF,80000000000080
15,7,3,randomblk,0x400001C8,0x390,0,0x0,FBE88F32B107A5F3,FBE88FB2B187A5F3,FBE88FB2B187A5F3,FBE88FB2B187A5F3,FBE88FB2B187A5F3,8000800000
15,7,3,randomblk,0x400001D0,0x3A0,0,0x0,ABDB2EB00F2C02CF,ABDB2EB00FAC02CF,ABDB2EB00FAC02CF,ABDB2EB00FAC02CF,ABDB2EB00FAC02CF,800000
15,7,3,randomblk,0x400001D8,0x3B0,0,0x0,FA44230033B8BD5,FA442B003BB8BD5,FA442B003BB8BD5,FA442B003BB8BD5,FA442B003BB8BD5,8000800000
15,7,3,randomblk,0x400001E0,0x3C0,0,0x0,7BA2356C3E38CC55,7BA235EC3EB8CCD5,7BA235EC3EB8CCD5,7BA235EC3EB8CCD5,7BA235EC3EB8CCD5,8000800080
15,7,3,randomblk,0x400001E8,0x3D0,0,0x0,9CFA29B322180E0C,9CFA29B322980E8C,9CFA29B322980E8C,9CFA29B322980E8C,9CFA29B322980E8C,800080
15,7,3,randomblk,0x400001F0,0x3E0,0,0x0,E04803D6A11263E0,E0C803D6A19263E0,E0C803D6A19263E0,E0C803D6A19263E0,E0C803D6A19263E0,80000000800000
15,7,3,randomblk,0x400001F8,0x3F0,0,0x0,E6665A5D5416BFB7,E6E65ADD5496BFB7,E6E65ADD5496BFB7,E6E65ADD5496BFB7,E6E65ADD5496BFB7,80008000800000
15,7,3,randomblk,0x40000200,0x400,0,0x0,42021,800080008420A1,800080008420A1,800080008420A1,800080008420A1,80008000800080
15,7,3,randomblk,0x40000208,0x410,0,0x0,1004080601,80009004880681,80009004880681,80009004880681,80009004880681,80008000800080
15,7,3,randomblk,0x40000210,0x420,0,0x0,421290949428C5,C21290949428C5,C21290949428C5,C21290949428C5,C21290949428C5,80000000000000
15,7,3,randomblk,0x40000218,0x430,0,0x0,140048203D8063,9400C820BD80E3,9400C820BD80E3,9400C820BD80E3,9400C820BD80E3,80008000800080
15,7,3,randomblk,0x40000220,0x440,0,0x0,83B5CC6350D3271B,83B5CCE350D3279B,83B5CCE350D3279B,83B5CCE350D3279B,83B5CCE350D3279B,8000000080
15,7,3,randomblk,0x40000228,0x450,0,0x0,7D0ED7D906977D63,7D8ED7D906977DE3,7D8ED7D906977DE3,7D8ED7D906977DE3,7D8ED7D906977DE3,80000000000080
15,7,3,randomblk,0x40000230,0x460,0,0x0,59413AD34563D63E,59C13AD345E3D6BE,59C13AD345E3D6BE,59C13AD345E3D6BE,59C13AD345E3D6BE,80000000800080
15,7,3,randomblk,0x40000238,0x470,0,0x0,BD76C32045EAB46C,BDF6C3A045EAB4EC,BDF6C3A045EAB4EC,BDF6C3A045EAB4EC,BDF6C3A045EAB4EC,80008000000080
15,7,3,randomblk,0x40000240,0x480,0,0x0,C74DDB9AA39E063F,C7CDDB9AA39E06BF,C7CDDB9AA39E06BF,C7CDDB9AA39E06BF,C7CDDB9AA39E06BF,80000000000080
15,7,3,randomblk,0x40000248,0x490,0,0x0,FBE88F32B107A5F3,FBE88FB2B187A5F3,FBE88FB2B187A5F3,FBE88FB2B187A5F3,FBE88FB2B187A5F3,8000800000
15,7,3,randomblk,0x40000250,0x4A0,0,0x0,ABDB2EB00F2C02CF,ABDB2EB00FAC02CF,ABDB2EB00FAC02CF,ABDB2EB00FAC02CF,ABDB2EB00FAC02CF,800000
15,7,3,randomblk,0x40000258,0x4B0,0,0x0,FA44230033B8BD5,FA442B003BB8BD5,FA442B003BB8BD5,FA442B003BB8BD5,FA442B003BB8BD5,8000800000
15,7,3,randomblk,0x40000260,0x4C0,0,0x0,7BA2356C3E38CC55,7BA235EC3EB8CCD5,7BA235EC3EB8CCD5,7BA235EC3EB8CCD5,7BA235EC3EB8CCD5,8000800080
15,7,3,randomblk,0x40000268,0x4D0,0,0x0,9CFA29B322180E0C,9CFA29B322980E8C,9CFA29B322980E8C,9CFA29B322980E8C,9CFA29B322980E8C,800080
15,7,3,randomblk,0x40000270,0x4E0,0,0x0,E04803D6A11263E0,E0C803D6A19263E0,E0C803D6A19263E0,E0C803D6A19263E0,E0C803D6A19263E0,80000000800000
15,7,3,randomblk,0x40000278,0x4F0,0,0x0,E6665A5D5416BFB7,E6E65ADD5496BFB7,E6E65ADD5496BFB7,E6E65ADD5496BFB7,E6E65ADD5496BFB7,80008000800000
15,7,3,randomblk,0x40000280,0x500,0,0x0,42021,800080008420A1,800080008420A1,800080008420A1,800080008420A1,80008000800080
15,7,3,randomblk,0x40000288,0x510,0,0x0,1004080601,80009004880681,80009004880681,80009004880681,80009004880681,80008000800080
